time,temp,pd1,pd2
0.0,20.0,52.83695779552865,19.644503322972874
0.01,20.00314159244688,46.312494275744434,30.835739999873947
0.02,20.00628318365351,62.15833954877619,28.292469638794085
0.03,20.009424772379642,44.09952375226412,30.755894593599546
0.04,20.01256635738502,49.80749845489925,30.597877001023054
0.05,20.015707937429397,62.21994706017063,25.99095886187208
0.06,20.01884951127253,47.05130009654514,32.03297645462848
0.07,20.021991077674176,47.60654316325299,26.094268360565206
0.08,20.025132635394094,46.3183576311694,23.653142400647813
0.09,20.028274183192046,37.74288553513463,39.738441736090195
0.1,20.031415719827795,74.6701859688811,37.48805214792867
0.11,20.034557244061116,36.96854225775061,34.341986899239934
0.12,20.037698754651785,53.41461105629298,30.650916613666332
0.13,20.040840250359583,50.43529628192057,29.509505760076475
0.14,20.043981729944296,56.36498019262039,34.53622680412657
0.15,20.04712319216572,50.82162235262343,33.69463991245774
0.16,20.050264635783652,51.460582486819206,32.51128116787277
0.17,20.053406059557904,42.540734552981824,23.041872134010042
0.18,20.05654746224829,46.04522232165925,21.78675969853863
0.19,20.05968884261463,54.655639394447704,31.25737380552027
0.2,20.062830199416762,65.0249647598115,33.95863441873002
0.21,20.065971531414526,59.02249565432566,31.26817413580871
0.22,20.069112837367776,55.18593399335695,28.85801083027947
0.23,20.072254116036373,55.34392643700029,33.52815076518504
0.24,20.075395366180185,62.25336437764824,25.07908721088585
0.25,20.078536586559103,55.218486190930875,27.523099402243385
0.26,20.08167777593302,56.50150789696253,18.540724174029386
0.27,20.084818933061847,64.13287372244413,25.958820589762436
0.28,20.087960056705498,54.49635162312403,32.65760982105403
0.29,20.091101145623913,42.79961513986278,27.728240462900906
0.3,20.094242198577042,47.93385983509791,23.248203654042783
0.31,20.09738321432484,55.12122781688541,31.45313586843559
0.32,20.100524191627287,61.32736919571517,37.68712572741298
0.33,20.103665129244376,63.25916594437557,23.901663768744147
0.34,20.106806025936116,48.321524232497175,26.30955799613183
0.35,20.109946880462527,31.337248553233206,31.44521290753248
0.36,20.113087691583647,36.44523567533495,27.23874976706512
0.37,20.116228458059542,67.52691046859799,32.98757853849974
0.38,20.11936917865028,23.484216820919034,31.224135766669406
0.39,20.122509852115957,45.52364187777932,31.274670732541143
0.4,20.125650477216688,62.27346153489612,38.30318423855814
0.41,20.128791052712597,53.343284519195876,22.898600582907964
0.42,20.13193157736384,54.230090293502464,24.9545571775528
0.43,20.135072049930585,48.4239132187728,34.28097896458664
0.44,20.138212469173023,43.765938037340675,31.78440853347825
0.45,20.141352833851368,51.11025504562854,29.42261982087957
0.46,20.14449314272585,51.121424501545256,34.08206070934773
0.47,20.14763339455673,51.07560558587706,28.167523294902036
0.48,20.150773588104283,54.24860240044965,35.09634018746619
0.49,20.153913722128813,45.26674115630864,38.18862529611666
0.5,20.15705379539064,81.865235567259,30.793959369424854
0.51,20.16019380665012,55.74486679539792,23.430103507810998
0.52,20.16333375466762,37.257086003739865,26.981599876205603
0.53,20.166473638203538,53.00006468570679,26.937722847523993
0.54,20.169613456018304,43.24248677907657,31.535241854065795
0.55,20.17275320687236,56.26587933307051,32.95457895215969
0.56,20.17589288952619,44.73870614127374,30.68403834592707
0.57,20.17903250274029,49.48691248700141,27.44068670731884
0.58,20.182172045275195,47.09152693153824,28.418995146755723
0.59,20.18531151589146,48.282857816066695,19.488121885705237
0.6,20.188450913349673,46.48491638176328,24.574769406119202
0.61,20.191590236410452,49.00866434848172,27.373270526885303
0.62,20.194729483834436,49.74526130060161,33.85377668706515
0.63,20.197868654382308,61.08475673710877,39.42552167317027
0.64,20.201007746814767,42.10764146446419,37.99931729119299
0.65,20.20414675989255,66.22755619443546,31.78579174676813
0.66,20.207285692376427,19.582258308167308,35.61360042904441
0.67,20.210424543027194,60.04860346608876,38.091907773477345
0.68,20.213563310605686,50.75651080986221,26.692166838787255
0.69,20.21670199387276,42.58644942428573,22.999434844687027
0.7,20.219840591589325,51.31737658209355,29.823416227829625
0.71,20.2229791025163,47.50320438756364,23.61947589607063
0.72,20.22611752541466,48.81934198436021,24.160584483158978
0.73,20.229255859045406,49.31206802109822,29.812709511034758
0.74,20.232394102169565,33.08262601587413,37.74660763446363
0.75,20.235532253548214,40.0006510143476,23.639202431909702
0.76,20.238670311942457,53.413832463167054,25.21293056920987
0.77,20.241808276113442,41.25530728880295,30.1849734387304
0.78,20.24494614482235,34.31022256463941,25.358439836030474
0.79,20.2480839168304,47.38698744186365,30.799975583073266
0.8,20.251221590898847,48.648020610702865,35.64513850582113
0.81,20.25435916578899,31.414995783308466,27.81821235553691
0.82,20.25749664026216,43.819042442658976,24.612883454648582
0.83,20.260634013079738,39.958752590249304,25.75813405306281
0.84,20.263771283003134,39.48261981033585,39.330247858739135
0.85,20.266908448793803,38.16177400650913,27.346823352976415
0.86,20.270045509213244,54.89917005659649,26.150704263514875
0.87,20.273182463022994,36.47233783455314,38.26618090462653
0.88,20.276319308984636,57.647702262055525,24.376835632457983
0.89,20.27945604585979,55.36019707086368,36.87331000943656
0.9,20.28259267241012,47.93883540710231,34.05038023114439
0.91,20.285729187397344,49.23701554956116,32.30731687759562
0.92,20.288865589583207,47.6334747563954,35.7163613349622
0.93,20.29200187772951,58.78345297356439,30.28635299278723
0.94,20.295138050598094,44.417390209915084,25.478217951742497
0.95,20.298274106950853,69.53484049516712,26.001549479509954
0.96,20.30141004554972,31.90856887084327,34.01547109982452
0.97,20.30454586515667,53.08752662262933,25.17191402576963
0.98,20.307681564533738,49.075564105156,31.56200177338839
0.99,20.310817142442993,47.03273336795414,26.9599595843593
1.0,20.313952597646566,63.23617015379037,21.915581208464822
1.01,20.317087928906627,47.95041556961608,34.609857030048
1.02,20.320223134985394,38.52995688214905,32.94567535029294
1.03,20.323358214645136,48.27115081905916,34.14965083117175
1.04,20.326493166648177,52.71938421520544,32.903549569278
1.05,20.32962798975689,49.714888017998504,34.21066655160147
1.06,20.33276268273369,60.081134446160675,34.76464735805553
1.07,20.33589724434105,41.96495590119174,29.370500709876094
1.08,20.339031673341506,79.31416464901442,30.60271248765882
1.09,20.342165968497618,51.14374063795896,30.480199454901587
1.1,20.345300128572028,42.75749417447172,32.31094108128286
1.11,20.348434152327417,45.64750042677043,25.245843165474735
1.12,20.35156803852652,67.2801622949826,30.723598098573248
1.13,20.35470178593213,41.46099543415517,26.809919019830122
1.14,20.357835393307088,51.96697542904694,30.62848748964478
1.15,20.360968859414303,53.54910977445622,26.486056223670907
1.16,20.36410218301673,59.18690750420668,31.23545449528489
1.17,20.367235362877377,54.7103686607023,27.398863907842145
1.18,20.37036839775932,62.18541440574671,27.76482292443514
1.19,20.37350128642569,42.533366294549765,34.03860390490083
1.2,20.376634027639664,42.71188016519734,39.618268696642076
1.21,20.37976662016449,61.769498739217184,24.91129081362819
1.22,20.382899062763464,53.69712995169531,29.05951981939093
1.23,20.386031354199957,47.879533344693556,22.689823764638437
1.24,20.389163493237383,53.016463705685574,26.465745064655692
1.25,20.392295478639223,48.427312883920294,32.499153901979774
1.26,20.395427309169026,43.663067678584255,37.14053082371956
1.27,20.398558983590384,41.72378908842788,31.224490940818967
1.28,20.40169050066697,57.421525935243444,24.53812290726204
1.29,20.40482185916251,59.70616465417468,34.297638366226266
1.3,20.40795305784079,51.86772526311949,27.20576727269708
1.31,20.41108409546566,49.31617319410355,28.152288764015044
1.32,20.41421497080104,50.85081280772183,22.846624461028537
1.33,20.417345682610915,48.39624825692208,25.71611739005968
1.34,20.420476229659318,57.24153354616875,33.5926800848364
1.35,20.42360661071037,54.47203110509562,27.69635231466202
1.36,20.426736824528234,46.02396678007917,22.95251182190147
1.37,20.429866869877163,58.87361733794985,30.650771972490244
1.38,20.432996745521457,48.235067098244194,30.04854200184365
1.39,20.436126450225494,37.634116150589726,27.89969249172282
1.4,20.439255982753714,59.44725599917648,32.2597669822967
1.41,20.442385341870633,30.402664213174262,28.552025488637366
1.42,20.445514526340823,56.53725752860874,37.01966342263092
1.43,20.44864353492893,51.40995642613007,35.453911042325124
1.44,20.451772366399677,48.15521918708321,31.908207246743274
1.45,20.45490101951785,45.07337846800915,41.90471123318612
1.46,20.458029493048304,39.57871875055291,23.465865988090723
1.47,20.461157785755965,53.267891289930425,29.6030555738723
1.48,20.46428589640584,48.65932787071672,28.533124444569854
1.49,20.467413823762993,46.754242767104465,21.308351983655328
1.5,20.470541566592573,39.486918031509646,27.32339067343164
1.51,20.473669123659793,51.44959263734076,26.935412410413186
1.52,20.476796493729942,49.711744541870246,21.097247183858766
1.53,20.47992367556839,27.981794417124938,34.93579605011556
1.54,20.48305066794057,49.797850050606726,24.688618118809494
1.55,20.486177469611995,35.16069430865376,30.426857183424108
1.56,20.48930407934826,31.889727252094882,25.1825527360326
1.57,20.492430495915016,57.51041082156419,27.000341323140006
1.58,20.495556718078017,24.72134461563812,27.330231614965
1.59,20.49868274460307,56.71825410310988,29.673184036186033
1.6,20.501808574256074,52.69917217427234,24.81360417056311
1.61,20.504934205803,41.16395661477098,33.35661618952867
1.62,20.5080596380099,52.29412536640031,32.659727070090355
1.63,20.5111848696429,48.62724100927446,26.07981823196839
1.64,20.514309899468206,41.05271233647782,29.748886801221822
1.65,20.517434726252112,55.438637538593646,25.05819043280358
1.66,20.520559348760983,59.27982983779831,31.128744808754153
1.67,20.523683765761266,39.515213198354225,33.86207008497915
1.68,20.52680797601949,44.49037019180916,34.35927839326124
1.69,20.529931978302272,51.21634783789903,41.731447178188624
1.7,20.5330557713763,61.20173838825565,25.629827525216104
1.71,20.53617935400835,75.18885349321437,30.121856143665795
1.72,20.539302724965285,40.36714489118053,26.424489754078156
1.73,20.542425883014044,42.86356317312125,26.344182714390517
1.74,20.545548826921653,69.3817898026352,34.70830171952414
1.75,20.548671555455226,48.14369648719634,32.02036832028616
1.76,20.55179406738196,45.57839080015496,32.27673496999651
1.77,20.554916361469132,45.155856921129455,28.919408879826324
1.78,20.558038436484114,67.20171236504302,24.811484353459946
1.79,20.56116029119436,55.26306637955141,33.0261674034482
1.8,20.564281924367407,58.99829172896152,30.43069969149882
1.81,20.56740333477089,53.3059641921359,32.218129575722415
1.82,20.570524521172523,44.4159328265146,35.02025943076686
1.83,20.57364548234011,56.20784851175625,31.26028097178638
1.84,20.57676621704154,33.67822563259206,29.707304351547105
1.85,20.57988672404481,56.92541790427691,26.168315173921332
1.86,20.583007002117977,32.87266508978507,27.106863602943633
1.87,20.586127050029216,68.2917979772175,31.90390043682015
1.88,20.58924686654678,63.197756307255986,27.445846063450507
1.89,20.59236645043901,58.578821911110346,34.656304835499746
1.9,20.59548580047435,65.18128451650153,25.235923143035002
1.91,20.598604915421323,47.505104742802466,28.51545169634998
1.92,20.601723794048556,49.65074348735061,29.138058710834247
1.93,20.604842435124766,73.69641657204505,38.44133752394751
1.94,20.607960837418762,36.73587854945493,25.839016874701304
1.95,20.611078999699448,52.19369261750895,32.26181418390119
1.96,20.61419692073582,38.27742585703809,33.04127797559972
1.97,20.617314599296975,45.035943736554245,25.972795537019344
1.98,20.620432034152106,44.50059727918818,24.835149967209478
1.99,20.623549224070494,55.069412248016015,29.822175933043194
2.0,20.626666167821522,59.08761227291898,31.175176079885652
2.01,20.629782864174672,66.70626527283379,39.421280652561066
2.02,20.63289931189952,58.49726823067479,25.524183754645094
2.03,20.636015509765745,43.4545723944763,33.663680362388526
2.04,20.63913145654312,62.24263575054642,32.58291502609334
2.05,20.642247151001513,56.391172787124866,26.575942336571902
2.06,20.645362591910907,41.79349128016392,15.472403857709795
2.07,20.648477778041368,57.6673030422328,30.84285597481575
2.08,20.651592708163072,43.514720518603205,36.780991761833235
2.09,20.654707381046293,64.70910952397345,37.882980161146925
2.1,20.657821795461413,42.25397509065175,35.84358192153636
2.11,20.660935950178903,40.67713488147047,29.13735078551016
2.12,20.664049843969348,43.721407180668855,18.563305182056123
2.13,20.66716347560343,57.14934976076249,29.956443353598278
2.14,20.670276843851937,39.51818904286564,27.974488737090585
2.15,20.673389947485763,44.63472832405462,40.36047569784102
2.16,20.6765027852759,51.61741510651259,36.25103959506631
2.17,20.679615355993455,51.972471674672065,35.23780804864761
2.18,20.682727658409625,57.64746593512063,31.182914355790146
2.19,20.685839691295733,50.469770244227256,26.982781420645136
2.2,20.68895145342319,38.097746589287354,25.421798566273097
2.21,20.692062943563524,53.09227684125887,26.574488015942332
2.22,20.69517416048837,44.44439910137203,37.1915196689309
2.23,20.698285102969464,60.343906422039495,28.140599131711358
2.24,20.70139576977866,46.84911355134657,28.654100155662153
2.25,20.704506159687913,59.2533465198754,26.05355118234139
2.26,20.70761627146929,37.75390428016074,28.96967975220914
2.27,20.710726103894974,72.87854385257835,28.92984559290938
2.28,20.713835655737245,61.20319359397865,26.310455249770502
2.29,20.716944925768505,62.36294004608329,28.665954199812262
2.3,20.720053912761262,48.438151613388,27.164318176677842
2.31,20.723162615488135,58.62971057917527,37.317373239546676
2.32,20.726271032721865,41.476301650711676,30.07010103673946
2.33,20.72937916323529,62.61492836628895,37.882688312546314
2.34,20.732487005801374,78.6156225574374,27.49979533792338
2.35,20.73559455919319,42.72523165102724,39.30792036648571
2.36,20.73870182218392,52.8706141868662,29.77064169298124
2.37,20.74180879354687,61.31018156384779,28.220366586509115
2.38,20.744915472055457,44.43955150931012,31.118912791420108
2.39,20.748021856483213,48.95418083900434,35.11090948062171
2.4,20.751127945603784,57.090675624867906,23.53095142071488
2.41,20.75423373819094,33.03460818998824,22.145245091204217
2.42,20.757339233018563,48.128392731821414,35.26547140641622
2.43,20.760444428860648,56.2043260345243,18.355112623544375
2.44,20.763549324491315,37.96367940075028,31.45953298215595
2.45,20.766653918684803,55.33457435433614,32.177019373109424
2.46,20.769758210215464,44.892523325919164,23.8617773478229
2.47,20.772862197857776,64.494646850223,29.145259876221893
2.48,20.77596588038633,39.80938161469033,30.96108299949878
2.49,20.779069256575845,49.601973287087816,23.512888421973628
2.5,20.782172325201156,59.871619029863005,31.411752575347336
2.51,20.785275085037217,68.15782427940353,31.496230372680753
2.52,20.788377534859112,48.16966696918514,27.0519557919822
2.53,20.791479673442044,46.290554013388316,23.755286683481028
2.54,20.794581499561335,59.49411437928091,39.46170970064335
2.55,20.797683011992433,51.11773868642545,31.955194802074917
2.56,20.80078420951091,46.88870897544681,26.53619279503182
2.57,20.80388509089246,44.63347078380906,24.027410412550257
2.58,20.806985654912914,46.877186490370484,31.93017007955407
2.59,20.81008590034821,73.29943520030828,34.64263076048792
2.6,20.81318582597442,50.86189836818791,27.05181289502681
2.61,20.816285430567742,57.159015658940724,29.667606011381526
2.62,20.819384712904508,47.96131126342678,25.45366046536955
2.63,20.822483671761162,45.97238035666978,29.145501651982073
2.64,20.825582305914292,41.83969444465475,27.10265765309335
2.65,20.8286806141406,40.44824669211314,37.04209815691113
2.66,20.831778595216925,43.68226814921807,32.32296788226997
2.67,20.834876247920235,60.77534723389381,29.051065523556915
2.68,20.83797357102762,34.421007337830616,35.85953515250833
2.69,20.841070563316315,43.93374010788801,30.31135580122651
2.7,20.84416722356367,55.86429577091222,34.73126277459727
2.71,20.847263550547172,44.72322795403631,27.031191677700804
2.72,20.850359543044444,50.119412054901574,31.411704080562743
2.73,20.85345519983324,55.264347082864894,15.40042870975458
2.74,20.85655051969143,50.58118704496341,27.559960021797824
2.75,20.859645501397047,37.618977285033395,34.21790591155478
2.76,20.86274014372823,61.05955834005744,30.897243442177484
2.77,20.86583444546327,48.44421397327853,26.919054213351473
2.78,20.868928405380586,51.26874514067259,25.97106414847532
2.79,20.872022022258726,41.44796007694356,27.213240338228278
2.8,20.87511529487638,38.02364425153733,26.650106398585944
2.81,20.878208222012375,57.32022714391286,22.622674830422405
2.82,20.881300802445676,55.262794338956176,30.917897261650246
2.83,20.884393034955373,63.528445374310664,22.01443097573083
2.84,20.887484918320705,80.1938757545566,31.01598481186825
2.85,20.89057645132105,55.45845281580007,35.19831286732333
2.86,20.893667632735916,55.74757192895844,28.40453689676778
2.87,20.89675846134495,48.95225973542339,35.816912950470254
2.88,20.89984893592795,53.13337871222023,23.66970434500993
2.89,20.902939055264838,27.6634552720528,24.397062923360128
2.9,20.906028818135688,31.939060212109617,24.116796173217114
2.91,20.909118223320707,53.7538568375442,32.30169797680262
2.92,20.912207269600252,50.82639934805534,25.996257655444847
2.93,20.91529595575481,55.377061500136676,33.14502691751628
2.94,20.918384280565025,63.34139732655541,26.110352570654474
2.95,20.921472242811667,32.83739569056832,31.146684708063564
2.96,20.924559841275663,44.40995468540462,22.680389010311373
2.97,20.927647074738072,33.38533606789781,27.62976422101294
2.98,20.93073394198011,52.77348549217584,24.107429716167747
2.99,20.933820441783126,60.6076608136039,39.54955713618887
3.0,20.936906572928624,30.681608361343773,34.16416069058023
3.01,20.93999233419824,47.963327843971186,23.178958944807373
3.02,20.943077724373772,63.51926334815655,28.372968402291395
3.03,20.946162742237153,50.308989027258086,39.82644148936779
3.04,20.94924738657047,56.62210240225917,28.057448310472616
3.05,20.95233165615595,49.02063138135419,32.83629145484757
3.06,20.955415549775974,46.20141453580679,17.947557554509544
3.07,20.95849906621307,45.950640592360045,28.715784343589046
3.08,20.961582204249915,39.638035317829676,32.15636345875321
3.09,20.96466496266933,40.09181541764161,32.30777084504968
3.1,20.967747340254302,46.2069368293476,24.029668332884487
3.11,20.970829335787947,48.96928657484821,27.75720840565177
3.12,20.973910948053543,63.848491934213534,35.12455917682541
3.13,20.976992175834525,53.90817870988195,26.048628155126895
3.14,20.980073017914464,61.52883073012843,24.43016927764107
3.15,20.9831534730771,31.99886965911274,36.68797996728049
3.16,20.986233540106316,52.90804093072262,31.379713788216637
3.17,20.989313217786147,40.60320817278048,28.0460760550824
3.18,20.992392504900785,50.47309826670975,33.6918094857488
3.19,20.99547140023458,49.229781064258766,29.961881958432876
3.2,20.998549902572034,51.5131347207849,32.38317911261865
3.21,21.0016280106978,33.037203491566714,28.44741431655919
3.22,21.00470572339669,53.67229761393686,30.463706841289213
3.23,21.00778303945367,51.10281942027378,25.071653846963176
3.24,21.010859957653867,49.69848146713969,35.80757955318301
3.25,21.01393647678256,50.58388946954677,17.434335996351336
3.26,21.017012595625193,59.08925919041566,37.42646579561421
3.27,21.02008831296736,37.107688561548855,32.95335340510847
3.28,21.023163627594812,38.33870286662581,30.97555024951823
3.29,21.02623853829347,52.781461685593314,30.655116361052738
3.3,21.029313043849406,69.21158871251406,30.095154921069113
3.31,21.032387143048854,51.255089170976774,25.53156885794283
3.32,21.035460834678204,47.884907040782096,34.237298863934164
3.33,21.03853411752402,27.144467610372793,31.523679746268694
3.34,21.041606990373012,59.986037374971204,24.977473026710197
3.35,21.04467945201206,58.080672100155226,27.29295562763763
3.36,21.047751501228202,22.389460536276758,30.136825438084646
3.37,21.05082313680865,59.611393719631884,39.548281978729996
3.38,21.05389435754076,51.17814269137344,27.478642223957035
3.39,21.05696516221207,56.414263763204865,28.225729664075544
3.4,21.060035549610273,54.92864724815694,37.31306292815929
3.41,21.06310551852323,51.67352192139182,27.556001214865056
3.42,21.066175067738964,33.03696593901726,30.695036465992537
3.43,21.069244196045666,36.67736187866757,27.17213756927852
3.44,21.07231290223169,51.59373763345572,32.80803391208582
3.45,21.07538118508557,57.54463569625577,30.720999106792696
3.46,21.07844904339598,47.60860162505642,35.50502296193869
3.47,21.08151647595179,78.41178819326514,29.779738582692826
3.48,21.084583481542026,48.82390796275245,23.742204897651284
3.49,21.08765005895588,46.43623300443625,32.04490001042142
3.5,21.090716206982712,42.82352406009687,26.817375834835428
3.51,21.093781924412063,30.30085371775189,35.12447689927077
3.52,21.09684721003363,35.77670335007128,38.39659043181629
3.53,21.09991206263729,36.703390474637374,22.51263677748706
3.54,21.102976481013087,52.93803921834495,25.92903409868281
3.55,21.106040463951235,46.77755408101869,35.97767156736256
3.56,21.109104010242127,46.613951569182134,41.82544839147856
3.57,21.112167118676318,63.05149077169379,20.057908185906463
3.58,21.115229788044545,52.99895812636703,37.23110151565687
3.59,21.118292017137716,41.49900511861561,26.467873493348776
3.6,21.121353804746906,66.50336395009231,29.311442135320686
3.61,21.124415149663374,65.88306399397531,20.567776651740026
3.62,21.127476050678546,28.92375206288177,29.171055556878013
3.63,21.130536506584033,60.91500263795918,31.81991898032939
3.64,21.133596516171608,56.36188051920118,31.44199164507534
3.65,21.136656078233234,42.21474550495115,27.181620571646565
3.66,21.139715191561038,56.24173900687717,31.07593996227423
3.67,21.142773854947336,44.86000667330076,31.724727439482162
3.68,21.145832067184614,38.10024613402124,32.84469963676426
3.69,21.14888982706554,29.516416499355458,30.61941673616966
3.7,21.151947133382954,41.842144879123744,38.355892495116116
3.71,21.155003984929884,53.69798971382768,33.76912540882445
3.72,21.15806038049953,41.28384941212057,26.162837635965978
3.73,21.161116318885284,58.82754321572447,26.858527845521095
3.74,21.164171798880698,49.83186585458895,26.524431471643076
3.75,21.167226819279527,61.24313338228909,26.256408843060694
3.76,21.170281378875693,44.54336679893988,22.95655497259142
3.77,21.1733354764633,46.285915104772215,30.98642821303115
3.78,21.176389110836645,54.77456781519394,32.96513666941712
3.79,21.1794422807902,41.66767837423945,29.406512595461045
3.8,21.182494985118623,57.57592290200939,27.296529669702142
3.81,21.18554722261675,52.24105757949048,35.17147610939548
3.82,21.188598992079612,63.64637976419982,26.963928116726613
3.83,21.191650292302413,47.05720888898316,31.82391222491145
3.84,21.194701122080552,49.69792381567117,23.507552043696702
3.85,21.19775148020961,44.43973091054977,33.85180644437349
3.86,21.20080136548535,35.14040594994523,30.83243308868922
3.87,21.203850776703728,57.09114365918565,34.4476688705867
3.88,21.206899712660885,39.52833364358135,33.98029482824768
3.89,21.209948172153148,59.80015193773017,32.19703178883109
3.9,21.212996153977038,50.0240486448235,27.005872907505104
3.91,21.216043656929255,67.27292586432222,39.74286922697243
3.92,21.21909067980669,48.66905373053337,22.971708737431488
3.93,21.222137221406438,42.30570110688977,20.869021254340197
3.94,21.225183280525762,36.23382437202487,33.364355781686825
3.95,21.228228855962133,34.746471837036204,25.45905940473025
3.96,21.2312739465132,64.984871855705,33.207392856255055
3.97,21.234318550976813,38.588155557237066,32.1187970987612
3.98,21.23736266815101,51.65560370560503,27.953460922974287
3.99,21.240406296834024,55.55340827520082,27.586066481991615
4.0,21.243449435824274,41.112158568367235,24.379543151482892
4.01,21.24649208392038,54.22199596669471,19.614193282682926
4.02,21.24953423992115,41.629428086917216,30.895717571887136
4.03,21.252575902625594,50.569686478422035,28.829609138233657
4.04,21.255617070832905,32.49546495112445,26.776210317285642
4.05,21.258657743342486,29.883423324490877,28.732190001014974
4.06,21.26169791895392,79.63532178580078,33.63310440045281
4.07,21.264737596466997,56.998924230062904,22.977938753004455
4.08,21.267776774681703,42.28498496986987,39.890221860723976
4.09,21.270815452398214,40.00137224362882,31.499706546562898
4.1,21.27385362841691,34.816942660112346,40.777757915707085
4.11,21.27689130153837,37.73103771719228,29.035678858216638
4.12,21.279928470563362,58.09463700512016,35.50662854459401
4.13,21.28296513429287,57.13646210913491,21.215588953191585
4.14,21.286001291528056,42.311649183207116,33.269243025549606
4.15,21.2890369410703,55.14694587179804,28.55950335492275
4.16,21.292072081721173,58.79742467747339,34.62662511194699
4.17,21.29510671228245,48.888898774269904,29.213573673976835
4.18,21.29814083155611,46.95143093207625,37.25630283765135
4.19,21.30117443834433,40.308381242160614,31.702127738746167
4.2,21.304207531449485,48.69384740308493,29.762035977642835
4.21,21.30724010967416,49.62578966402652,27.069888327944643
4.22,21.310272171821147,49.68258843508109,30.118879602967574
4.23,21.31330371669343,51.39018891177009,23.95560088857414
4.24,21.316334743094203,39.233678344758005,36.15296522292547
4.25,21.319365249826866,61.820367226863745,23.183518472078166
4.26,21.322395235695023,56.50133149037432,27.159201510881392
4.27,21.325424699502484,56.165055140985686,31.37215826497712
4.28,21.32845364005326,54.5532193901419,29.776193670819033
4.29,21.331482056151586,48.61289374586173,20.548940689326205
4.3,21.334509946601877,45.34626937660806,26.994912397920466
4.31,21.337537310208777,64.90310209806115,31.506358908514926
4.32,21.34056414577713,55.867509583055835,26.846115598506554
4.33,21.34359045211199,46.75285099191107,23.214521285822183
4.34,21.346616228018615,43.781409464636084,30.662715156034356
4.35,21.34964147230248,58.942142859656904,27.836223529556605
4.36,21.35266618376927,48.87753276687021,28.557720930736103
4.37,21.355690361224866,45.22839847533796,37.49555800315852
4.38,21.358714003475384,65.10077141342543,29.341586536065563
4.39,21.361737109327127,54.20919044165482,43.232049907363994
4.4,21.364759677586626,59.63135815679565,39.44935495877486
4.41,21.36778170706062,47.80663864318928,33.261077153168515
4.42,21.370803196556054,37.188865368153024,29.115257332463223
4.43,21.373824144880096,45.89169916148252,35.74569576772861
4.44,21.376844550840126,56.61018961900839,34.340848191159424
4.45,21.37986441324373,41.18821896179746,32.04151289673322
4.46,21.382883730898715,48.75550569058509,31.094936053156427
4.47,21.385902502613106,54.86509490446073,29.61652092824131
4.48,21.388920727195135,60.730107220269694,30.91679821345059
4.49,21.39193840345326,29.746358709193753,36.26421458341209
4.5,21.394955530196146,29.524231831091466,27.777789207477046
4.51,21.397972106232682,33.666409272902385,29.495499801714885
4.52,21.400988130371967,53.61590565910637,23.317677993661995
4.53,21.404003601423327,58.30246293998829,38.11415880056303
4.54,21.407018518196303,55.83214635573929,37.134112234659916
4.55,21.410032879500648,56.71561665524225,36.59585956601413
4.56,21.41304668414634,65.16964867079643,39.61117131161304
4.57,21.416059930943586,49.38825678448104,28.137965985158395
4.58,21.419072618702792,56.79248002411228,40.17268518869588
4.59,21.422084746234603,59.76306807357015,37.139006417498095
4.6,21.42509631234988,49.90279549792492,33.42818659913829
4.61,21.4281073158597,52.49268044052986,24.089518267084856
4.62,21.43111775557537,58.04098324446526,31.36539382070826
4.63,21.434127630308414,59.98413046981658,22.021466280903887
4.64,21.43713693887058,47.40535244326115,31.567408030169773
4.65,21.440145680073847,72.13586841765297,31.201067451430507
4.66,21.443153852730404,68.63393592072683,37.16754521506703
4.67,21.446161455652675,58.063303256601664,32.78320794278488
4.68,21.449168487653306,48.72807515913422,37.161250073595816
4.69,21.452174947545167,49.15235168965368,33.38061215548372
4.7,21.45518083414136,42.70152907477546,29.666885206134445
4.71,21.4581861462552,42.658791132902834,38.23599921405517
4.72,21.46119088270025,58.07641187638696,27.71926871328467
4.73,21.464195042290275,77.25356140919551,27.16658099042203
4.74,21.467198623839288,70.31264749859622,28.31583448257659
4.75,21.47020162616152,30.966098615724935,28.973420540297965
4.76,21.473204048071434,44.464697522096586,37.86142831414253
4.77,21.476205888383717,63.986949938235455,22.50064466613379
4.78,21.4792071459133,50.232004823965475,31.51212001869686
4.79,21.482207819475324,60.79351766692179,32.4986059678251
4.8,21.485207907885176,47.13732907164275,32.30769851232733
4.81,21.488207409958463,52.54772804082236,29.833250593709828
4.82,21.49120632451104,57.429318603976796,34.19291611516298
4.83,21.49420465035897,48.262999416463806,33.79652773015901
4.84,21.49720238631857,37.78556451851231,38.1533891704143
4.85,21.50019953120638,64.06567502684581,30.56553168440125
4.86,21.503196083839175,49.427307211123015,36.19522770500361
4.87,21.50619204303396,60.00428883246971,26.640792386201603
4.88,21.50918740760798,32.571548266702266,27.793094743980916
4.89,21.51218217637871,53.35504542658101,29.128693684811374
4.9,21.51517634816387,41.68055432347364,26.702928753931936
4.91,21.5181699217814,62.85697193101502,32.94925442767618
4.92,21.52116289604949,50.68660387670383,32.6986755718732
4.93,21.524155269786558,43.169635012768154,34.79573105411594
4.94,21.527147041811265,40.3260760112797,26.201018655191447
4.95,21.530138210942503,57.90269998424529,31.23235063529976
4.96,21.53312877599941,48.392145221208104,30.442252747851814
4.97,21.536118735801356,59.08651864847467,36.987105289054526
4.98,21.53910808916795,57.67942414429325,36.832006701098656
4.99,21.54209683491905,55.26203353368933,40.128248409113056
5.0,21.545084971874736,50.85416678836806,35.49647499809053
5.01,21.548072498855348,48.47425401562433,28.525481463695773
5.02,21.551059414681454,48.67903424501541,37.33315120944959
5.03,21.554045718173867,47.330345885483005,34.49790833006637
5.04,21.55703140815364,48.67791478865582,28.385383868339492
5.05,21.560016483442073,66.25805415172749,30.662955239858167
5.06,21.563000942860704,45.85753935325626,30.101856609571936
5.07,21.56598478523132,37.208575689220346,29.37741142409126
5.08,21.568968009375936,42.980039993176966,27.420980233816778
5.09,21.571950614116833,47.67903841679703,32.7964281045244
5.1,21.574932598276522,59.03603305685238,26.41328234430851
5.11,21.577913960677765,48.60478787840057,27.624771491856045
5.12,21.580894700143567,50.814079774309405,26.024464450325976
5.13,21.583874815497175,48.353622351800766,25.837677350249344
5.14,21.58685430556209,54.8315571573636,27.18452609882002
5.15,21.589833169162056,37.57353983217358,19.837587943218747
5.16,21.592811405121065,49.939876724502454,38.70417961405697
5.17,21.595789012263356,59.93028695516679,33.759378628384475
5.18,21.598765989413415,54.94839624275779,27.449525998776053
5.19,21.601742335395986,50.659308185280096,29.790308248330735
5.2,21.604718049036048,35.3061792854482,31.99879990416959
5.21,21.607693129158836,49.67794329540145,18.9668998202871
5.22,21.61066757458984,57.89349492639129,34.93728805983889
5.23,21.613641384154793,32.752194950970726,33.96755120004436
5.24,21.616614556679682,49.25402807731323,32.795263424301965
5.25,21.61958709099075,44.010216353538,39.20919326940914
5.26,21.622558985914477,51.155206002412406,28.49504249435831
5.27,21.625530240277616,29.41964391715699,30.82631221884904
5.28,21.62850085290716,52.99696816846181,38.77970015447096
5.29,21.63147082263036,42.77655450985853,28.311491165947743
5.3,21.634440148274713,44.42583358350181,33.132811315758104
5.31,21.63740882866798,35.22373181814817,26.403024335077916
5.32,21.640376862638174,57.50780793981305,35.37176054002775
5.33,21.643344249013563,42.610320786459276,31.74587327796274
5.34,21.646310986622666,40.050862519264946,29.25907552980731
5.35,21.649277074294265,52.2582687752128,27.713477462857682
5.36,21.652242510857395,42.66052828685097,31.381314549077167
5.37,21.655207295141345,58.38743119801801,37.23503595594301
5.38,21.65817142597567,69.38152160934324,46.77992001533015
5.39,21.661134902190177,59.382814405552224,31.80298089337017
5.4,21.664097722614933,50.00910362288977,34.77130068502903
5.41,21.66705988608026,66.36511165699416,29.41983018041533
5.42,21.670021391416746,37.15227376943696,27.84393914075666
5.43,21.672982237455237,56.28619328092987,21.24794757616109
5.44,21.675942423026832,35.50716344515882,27.510179404148097
5.45,21.678901946962903,65.306053671648,30.031452971304393
5.46,21.681860808095074,46.34696573458492,35.01741688818433
5.47,21.684819005255232,52.946728335212036,28.364157142177643
5.48,21.68777653727553,56.46705512941527,34.387134265068994
5.49,21.69073340298838,57.37949431501286,32.513490865677255
5.5,21.693689601226456,45.473818135209775,31.160675680932222
5.51,21.696645130822702,57.76665167183648,29.388987404961554
5.52,21.699599990610324,38.931166304596225,24.101520789952215
5.53,21.70255417942278,39.98228784263874,22.83383364207409
5.54,21.705507696093814,53.14996995329344,38.966290715379486
5.55,21.708460539457416,50.16049594605695,30.104140790386168
5.56,21.711412708347854,53.9003029110298,24.17968196698418
5.57,21.71436420159966,35.34538598753385,31.93415183080015
5.58,21.717315018047632,57.906139872764854,31.505189083136727
5.59,21.72026515652683,50.79984368794215,27.60150961724827
5.6,21.723214615872585,48.06347670392614,27.722385908335838
5.61,21.7261633949205,33.19366081833643,26.248644867514923
5.62,21.729111492506448,55.01890365977308,30.81095010615084
5.63,21.732058907466563,47.278681812703134,33.025388109691484
5.64,21.735005638637247,32.98747120973387,32.61355712690267
5.65,21.737951684855187,34.64137300502586,29.84801221405008
5.66,21.740897044957322,52.44122807282892,28.50499135092105
5.67,21.743841717780874,51.6143942480304,29.626275812638543
5.68,21.746785702163336,16.8889455125682,35.667608904555806
5.69,21.749728996942466,61.74017769078278,26.059541688070187
5.7,21.752671600956294,52.93037461328684,28.090360098245437
5.71,21.755613513043134,46.92086675791577,40.57508570146294
5.72,21.758554732041564,42.442486212941986,25.96893341653853
5.73,21.761495256790436,63.58311751121149,34.16279156985943
5.74,21.764435086128874,45.00397763582689,36.29632095698407
5.75,21.767374218896286,51.25445810751403,26.79421467667568
5.76,21.770312653932343,55.201437250888276,32.10545173079755
5.77,21.773250390077006,36.167404705103166,24.691118696509665
5.78,21.776187426170495,59.29712081415707,28.89560353036345
5.79,21.779123761053317,59.06121364427653,19.191905614262815
5.8,21.782059393566254,67.19015711157172,25.886137574961875
5.81,21.784994322550364,65.92570463007449,31.821018315186144
5.82,21.787928546846985,41.5927939376137,35.71090684084261
5.83,21.790862065297734,39.356925689953854,28.749647709669947
5.84,21.7937948767445,38.37163142409486,34.068275346304596
5.85,21.796726980029455,51.72488654845536,28.728092928575126
5.86,21.79965837399505,62.842130717694026,37.89722541814323
5.87,21.802589057484028,48.42166593603545,29.222324025729595
5.88,21.805519029339386,42.47075398495062,29.412052331426665
5.89,21.80844828840443,46.75021530350752,27.9115733417521
5.9,21.81137683352273,47.72746970310465,31.956188754874397
5.91,21.814304663538138,56.613485922572,38.041241511273626
5.92,21.817231777294804,46.284137372059796,19.38540651997141
5.93,21.82015817363714,61.24577726072145,29.94000095193654
5.94,21.823083851409855,47.31477113126151,36.99234311957698
5.95,21.82600880945794,35.820168281239944,25.010001049007634
5.96,21.828933046626663,46.82388085876021,28.6642601791253
5.97,21.831856561761583,51.604608766096106,33.678251810252775
5.98,21.834779353708548,52.399187035775846,28.103089697731132
5.99,21.837701421313678,37.010155238399236,35.114539055598364
6.0,21.84062276342339,58.69520713772924,35.075616903827814
6.01,21.843543378884384,38.99144575613098,34.13345691059044
6.02,21.84646326654365,64.0386966273887,31.747972329378648
6.03,21.84938242524846,60.840824613659244,24.876934177700527
6.04,21.85230085384638,40.486663673419336,26.325651066942772
6.05,21.855218551185256,66.60246888599863,30.818253658167485
6.06,21.858135516113226,53.482014247063574,30.069687590936095
6.07,21.861051747478726,47.53046593262328,29.787152785563432
6.08,21.863967244130468,35.78658748662805,28.583889437192727
6.09,21.86688200491746,56.14140240843441,25.57195745732554
6.1,21.869796028689002,61.39604218541138,31.102429116274088
6.11,21.872709314294685,51.13239688324795,34.223079250190686
6.12,21.87562186058439,52.25218125963752,32.28516714001084
6.13,21.878533666408284,22.194517977834195,34.24146263724674
6.14,21.881444730616842,45.1889870053657,36.62971376539887
6.15,21.884355052060812,30.23068818649302,34.56402336767432
6.16,21.887264629591254,55.78360113623992,29.605540031261338
6.17,21.890173462059508,59.98260340218493,25.230205847660375
6.18,21.893081548317213,28.858347855286716,26.379568678647143
6.19,21.8959888872163,52.27439309206852,34.923189388124555
6.2,21.898895477609006,39.005556805456514,41.3739311562232
6.21,21.901801318347847,61.47892499436064,24.146896919659685
6.22,21.904706408285648,54.210690362473876,32.07763433044862
6.23,21.907610746275523,42.30847695194752,37.594579775131365
6.24,21.910514331170887,41.60968019462541,29.539681139195128
6.25,21.91341716182545,61.229060833533765,36.75281727988001
6.26,21.91631923709322,44.448760060839476,30.53000563485242
6.27,21.919220555828502,48.90195129144801,29.16084404030069
6.28,21.922121116885904,41.11523366334148,36.47399892385474
6.29,21.92502091912033,69.10427707928865,21.44656868692265
6.3,21.927919961386984,37.98909657794591,25.564674254038284
6.31,21.930818242541367,31.87869406704244,22.236833951740426
6.32,21.933715761439288,52.426086228533826,37.249762854278046
6.33,21.93661251693685,46.977272152555855,20.22304128328722
6.34,21.939508507890462,47.77330908506041,31.5988228122169
6.35,21.94240373315683,52.13681894995512,35.90260561490208
6.36,21.94529819159297,56.7144129733786,28.02971107828243
6.37,21.948191882056182,40.66291427320532,29.448703068039215
6.38,21.9510848034041,71.56797310622684,21.59095248687868
6.39,21.953976954494635,51.83777959824958,36.61304796951258
6.4,21.956868334186012,47.67642677475788,31.312820746052367
6.41,21.959758941336762,71.19237183952177,19.800017736283106
6.42,21.962648774805718,46.75951299703217,21.293644619795366
6.43,21.96553783345202,65.5147370784909,18.738374931346467
6.44,21.968426116135117,59.30379807466466,37.57697057270041
6.45,21.971313621714756,44.11994970190147,29.325721124355084
6.46,21.974200349050996,52.9560372484158,27.53356198987634
6.47,21.977086297004202,51.60671039167266,25.122367507853646
6.48,21.97997146443505,27.338749877448254,28.790921277928756
6.49,21.98285585020452,49.051629045952176,22.938453053184972
6.5,21.985739453173903,59.17451273066875,26.334248679786874
6.51,21.988622272204797,36.64230833546425,23.428172846826346
6.52,21.991504306159115,63.028737165989604,32.23750347332244
6.53,21.99438555389907,31.25919211085863,27.992511863824575
6.54,21.99726601428719,36.18817267755752,32.155424390202235
6.55,22.000145686186322,42.2404072879959,29.808992232761383
6.56,22.003024568459615,70.45235845871878,24.95173234448519
6.57,22.005902659970527,53.568871157910515,18.81997478687265
6.58,22.00877995958284,42.304421072406775,21.15495132296981
6.59,22.011656466160634,36.08012851504463,29.98786003009803
6.6,22.014532178568313,50.07786544434114,33.110009916908226
6.61,22.017407095670595,62.54744713009899,21.384421041125403
6.62,22.020281216332503,48.62636303896556,31.36453391233175
6.63,22.023154539419384,45.517701579409014,38.64568152316911
6.64,22.02602706379689,51.425355706029336,27.50460651688725
6.65,22.028898788331,57.40803595745249,35.96225774594505
6.66,22.031769711888,45.60957555947468,25.884389232061142
6.67,22.034639833334495,53.27273142743379,37.7678443115827
6.68,22.037509151537403,38.07885203603666,23.523021503476414
6.69,22.04037766536397,63.013420925438204,35.57765590797056
6.7,22.043245373681746,66.66709609238977,25.018260338000378
6.71,22.046112275358606,54.67983789544662,28.230543003099083
6.72,22.048978369262745,41.24380754906035,32.85072049780063
6.73,22.051843654262676,49.53362831232005,31.997304512784222
6.74,22.054708129227222,47.103246488469956,23.73645135858073
6.75,22.057571793025545,47.96267042084447,28.32252380287397
6.76,22.060434644527106,58.77909840311122,39.38041699798408
6.77,22.0632966826017,48.09963006474894,37.037656098246906
6.78,22.066157906119443,52.740410314945244,27.76213568898809
6.79,22.069018313950764,53.67728386301812,32.67834957141295
6.8,22.07187790496642,40.44489202232707,32.773197402937356
6.81,22.074736678037493,47.72645148750796,26.874844672833465
6.82,22.077594632035385,53.68614637342485,30.58065737372374
6.83,22.080451765831818,43.955515450221355,29.08796659432013
6.84,22.08330807829884,44.288817480316645,25.381100751513163
6.85,22.086163568308827,45.35028857181991,33.093927488798116
6.86,22.089018234734475,45.54913066586052,25.700076179807386
6.87,22.09187207644881,58.805931835493524,25.61798849288597
6.88,22.094725092325174,54.46928275550314,25.034227754414875
6.89,22.09757728123725,72.2646508643957,26.926166849437113
6.9,22.100428642059033,31.565779145334975,36.857338954673864
6.91,22.103279173664852,28.704160995461432,34.43517116796458
6.92,22.10612887492936,53.192639246690284,28.75832505439248
6.93,22.108977744727547,45.96145332978713,30.954922777944592
6.94,22.11182578193472,49.32827987320929,34.319503250030195
6.95,22.114672985426516,52.66199328996978,33.13227590738184
6.96,22.117519354078908,48.83174954989163,28.61456663488599
6.97,22.120364886768197,41.6911626748315,20.228346073003976
6.98,22.123209582371008,55.36618625349235,26.458574681142384
6.99,22.1260534397643,49.255554782945,34.4904613164119
7.0,22.128896457825363,48.75223538864663,44.68133660364432
7.01,22.13173863543182,42.2126375256383,35.906378521910696
7.02,22.134579971461626,58.036646962094466,27.391770865040428
7.03,22.137420464793063,51.17464904327111,25.785334977195316
7.04,22.140260114304752,59.80680881884513,32.223293802304504
7.05,22.14309891887564,61.05460750327715,32.13915942472315
7.06,22.14593687738502,58.595859176947215,32.56184724202392
7.07,22.148773988712502,64.06713770191854,22.75810420050419
7.08,22.151610251738045,47.28286371292118,31.002108482211554
7.09,22.154445665341935,55.477363181854855,27.52521173123783
7.1,22.157280228404794,53.966599531498005,23.424884677927068
7.11,22.160113939807587,37.945142629606295,37.12443034164178
7.12,22.162946798431605,58.71519206067098,36.93970099821508
7.13,22.16577880315848,50.45951265235767,31.930684446455974
7.14,22.168609952870185,48.99084583200265,31.060338790015013
7.15,22.171440246449023,52.902923510114704,28.636735690288646
7.16,22.17426968277764,50.25516034445693,23.94664261619145
7.17,22.177098260739022,49.662763317910105,29.081167382600498
7.18,22.17992597921649,41.41357523936349,36.88305022249683
7.19,22.1827528370937,45.93277986518211,26.791224266755023
7.2,22.185578833254663,66.2488607343952,38.33097181349087
7.21,22.188403966583717,67.48009865169934,28.598253319665748
7.22,22.19122823596554,53.271773294245,29.98489171559153
7.23,22.194051640285156,57.258375769659864,28.46769138357056
7.24,22.196874178427933,47.89949518303742,29.856880282434894
7.25,22.199695849279575,61.341546762839386,20.50318474045984
7.26,22.202516651726135,48.03215798626707,29.988710709650213
7.27,22.205336584654,52.92544320694849,28.299709175188042
7.28,22.20815564694991,38.54587211617687,31.559161121115913
7.29,22.210973837500934,50.0212419619801,29.339203662057646
7.3,22.213791155194507,43.449255441030246,25.563240994452613
7.31,22.21660759891839,40.254112932223215,35.980347706574044
7.32,22.2194231675607,45.44246647323991,30.48558483249442
7.33,22.22223786000989,34.662288233932394,28.846160547146024
7.34,22.225051675154766,67.21204965995578,27.07927710460413
7.35,22.22786461188448,70.85143932789964,31.099743025233728
7.36,22.230676669088528,42.822132236493495,38.55873725107628
7.37,22.233487845656754,61.90548306238939,38.82682206533115
7.38,22.23629814047935,57.42532570190607,29.793424027956355
7.39,22.239107552446857,54.79345543173493,29.876415485901585
7.4,22.24191608045016,51.27047414961492,30.936776409135998
7.41,22.244723723380503,63.72118883787623,23.968337871448558
7.42,22.247530480129466,36.15876068441242,26.328344442368603
7.43,22.25033634958899,40.796701137017216,31.24219189579011
7.44,22.253141330651367,49.584893533699905,30.15778669070171
7.45,22.255945422209226,51.11620672750844,27.856206845393757
7.46,22.258748623155558,59.874343560283805,29.224827597951588
7.47,22.261550932383706,45.8081800160088,34.73992168880963
7.48,22.264352348787362,60.290296516959465,25.17117546190172
7.49,22.267152871260574,38.82708357434805,27.905021031334282
7.5,22.269952498697734,52.259220450223616,34.410641121296344
7.51,22.2727512299936,53.29424312039132,25.933568173696038
7.52,22.27554906404327,54.30264535495112,36.523068283207394
7.53,22.278345999742207,57.70819433215767,19.972227036897667
7.54,22.281142035986228,65.17789904049913,30.70352165376059
7.55,22.283937171671496,48.90126582943648,34.53071618102813
7.56,22.286731405694542,36.04078865777945,32.04200480891316
7.57,22.289524736952245,58.16122127625323,38.054393768821434
7.58,22.29231716434184,63.729746569342645,30.376076156544983
7.59,22.29510868676092,57.61328730265032,31.33356579373607
7.6,22.29789930310744,36.80668164858076,27.1138466683069
7.61,22.300689012279705,42.52808778712563,32.143032272384986
7.62,22.303477813176386,55.213783157631006,33.48280189048059
7.63,22.306265704696504,54.663034892302925,30.822072634792097
7.64,22.30905268573945,46.08355722139731,19.02841263735209
7.65,22.31183875520496,43.35326401925326,26.454334180396252
7.66,22.31462391199314,48.718080315225095,34.12621021218358
7.67,22.31740815500446,34.24375310044314,24.524461650710172
7.68,22.32019148313974,31.99007855349547,27.93136951309647
7.69,22.32297389530017,35.003011655590925,37.13725797553269
7.7,22.325755390387293,61.92619772508201,30.840753449431674
7.71,22.32853596730302,36.66194449297303,28.077831390797655
7.72,22.331315624949625,56.38968136561668,30.354333894816023
7.73,22.33409436222974,51.76604750561905,33.114238814086875
7.74,22.336872178046367,50.82804605057195,20.933516339221775
7.75,22.339649071302865,38.42534358133428,34.76298634791754
7.76,22.342425040902967,45.45497988493726,28.290735139379606
7.77,22.345200085750758,38.18611052840577,35.76241244771769
7.78,22.347974204750695,45.34507083867074,23.272985100872805
7.79,22.3507473968076,47.41823145464567,30.413348841499705
7.8,22.353519660826663,50.688707964044255,33.67414593648152
7.81,22.356290995713437,47.18608962939989,26.955563288521322
7.82,22.35906140037384,55.15638327671689,26.62218130250579
7.83,22.361830873714162,42.09240249645217,28.817380597218367
7.84,22.364599414641063,47.67700785301579,26.082602835289933
7.85,22.36736702206156,53.989409376322286,38.43033341115488
7.86,22.37013369488305,52.12979248547015,28.441624237468357
7.87,22.37289943201329,70.40515961718053,32.62228563367226
7.88,22.375664232360418,50.640043470859446,25.961894476521632
7.89,22.37842809483293,63.809175658540944,37.25101056278546
7.9,22.381191018339695,60.944251305974866,21.90406427513123
7.91,22.38395300178996,56.76264438944483,37.931107100157504
7.92,22.38671404409333,25.90124530088087,40.36514166329426
7.93,22.389474144159795,32.58540147391342,26.793138343254927
7.94,22.39223330089971,63.46950369871023,29.40639742716645
7.95,22.394991513223804,45.430890264539464,26.043041208932546
7.96,22.39774878004318,56.276753625180184,28.625852114446428
7.97,22.400505100269307,48.42113701067506,34.34892009168644
7.98,22.40326047281404,49.536730358289745,31.19764670748124
7.99,22.406014896589596,59.291765106546855,30.65751691281598
8.0,22.408768370508575,49.134169775367816,29.812264681853847
8.01,22.411520893483953,60.567009958263675,26.034601024998434
8.02,22.414272464429068,62.081579758121215,20.066247982186873
8.03,22.41702308225765,30.275050590070858,35.18071941054812
8.04,22.4197727458838,53.48208840917596,25.247065636753447
8.05,22.42252145422199,46.11726668022853,40.49482094592219
8.06,22.425269206187075,53.03594817304497,34.642543464805954
8.07,22.428016000694285,56.88783377993914,28.89019240161209
8.08,22.430761836659233,66.04265660568775,22.657895826727096
8.09,22.433506712997904,54.667530980429106,30.197499445151077
8.1,22.43625062862666,62.96799034944375,35.646918502290866
8.11,22.438993582462256,63.47209876454828,32.37217215792572
8.12,22.44173557342181,61.108202344245186,30.31733141106483
8.13,22.444476600422824,56.30542595444524,29.60834310294048
8.14,22.447216662383195,58.021868038080555,30.362630927631113
8.15,22.449955758221183,45.8487058976531,31.061837303026582
8.16,22.452693886855435,60.56614292829315,45.53342679234494
8.17,22.45543104720499,42.958272145240976,27.648923985538417
8.18,22.458167238189247,55.53826698721537,31.993352064626382
8.19,22.46090245872801,37.13878990577727,24.316260961040214
8.2,22.463636707741458,47.10280690030885,39.683824561742625
8.21,22.46636998415015,57.01982681564898,33.18607884581154
8.22,22.469102286875028,28.689672654601424,24.02682730387233
8.23,22.47183361483743,61.645461995245874,23.713901138545804
8.24,22.474563966959067,42.881586416317425,35.008660569360906
8.25,22.47729334216204,56.459807339760765,33.605217522956764
8.26,22.48002173936883,54.872087310096774,28.805402930415593
8.27,22.482749157502315,56.03713569040523,26.350250266291003
8.28,22.485475595485752,56.06449122823519,25.03721058682431
8.29,22.48820105224279,43.900119629011996,32.6944567501487
8.3,22.490925526697453,40.97948702344766,29.281178108606664
8.31,22.49364901777417,50.59300073129999,25.06272798562856
8.32,22.496371524397745,36.48482786647119,26.74070456144761
8.33,22.499093045493378,45.24191084796939,23.691758512073292
8.34,22.501813579986653,45.745697733767344,46.428608472310835
8.35,22.50453312680355,52.703031168233515,30.785982320679008
8.36,22.507251684870432,42.85836232655345,32.82422782218787
8.37,22.509969253114054,57.63267175101395,24.219546199087226
8.38,22.512685830461567,54.015940992202644,36.133721895535665
8.39,22.515401415840508,36.68765181132383,36.248213687459746
8.4,22.518116008178804,53.10948022428461,31.02632221828342
8.41,22.52082960640478,38.551681346465124,34.076672443912784
8.42,22.52354220944715,46.23582413292971,32.36234679936267
8.43,22.526253816235023,55.67865841035581,33.02989209045367
8.44,22.528964425697893,43.2021356707524,27.354738970086697
8.45,22.53167403676566,45.925614637988886,22.917584410046434
8.46,22.534382648368616,72.00705102852439,28.133396532266858
8.47,22.537090259437434,40.39062440871717,27.788030607933482
8.48,22.5397968689032,57.8915620733461,34.612867671166256
8.49,22.542502475697383,61.65096934365297,31.956085603517536
8.5,22.545207078751858,42.71977265207788,28.08549627766801
8.51,22.54791067699888,69.40413412598596,36.58790244800846
8.52,22.550613269371123,54.790307996623504,29.879942955018183
8.53,22.55331485480164,32.92869270448933,39.90966160173937
8.54,22.556015432223887,58.03388586909985,23.250674628282297
8.55,22.558715000571723,56.63260840897171,33.359456484901685
8.56,22.5614135587794,39.550978115877584,30.92455396115219
8.57,22.564111105781567,54.28480311091808,20.73695803160496
8.58,22.56680764051328,45.314978049748476,22.780506233974652
8.59,22.56950316190998,49.85865206923441,28.826017319739535
8.6,22.57219766890753,35.32543599688233,25.850301563558727
8.61,22.574891160442178,49.85796882798693,33.86245571657044
8.62,22.577583635450573,28.67382248822018,30.103082701535588
8.63,22.580275092869766,39.85652139473385,28.330964855032963
8.64,22.58296553163722,56.309776096286456,36.1615868829872
8.65,22.585654950690785,40.65848065086883,35.09058809635941
8.66,22.588343348968728,61.44557525435249,31.54727024670239
8.67,22.591030725409706,52.083853494830365,19.958131775803636
8.68,22.593717078952785,53.590054357972534,36.442277475436995
8.69,22.596402408537443,40.12591301281523,22.805715690804224
8.7,22.599086713103546,56.87699716363958,31.92836790729803
8.71,22.60176999159138,62.72633166710019,25.39959621969841
8.72,22.604452242941623,63.149875765914665,38.651470689564505
8.73,22.607133466095366,63.26364554061823,31.791252942170345
8.74,22.609813659994106,64.08357271871857,16.585831900347756
8.75,22.612492823579743,61.98199445329555,34.271522375960956
8.76,22.61517095579459,54.40180464235762,28.598887638228558
8.77,22.61784805558136,60.350667735303226,28.78828148843558
8.78,22.620524121883175,52.719574733265695,32.76962312226673
8.79,22.62319915364357,61.386327529708545,40.14040651490144
8.8,22.62587314980648,49.88184771842815,35.349279481998614
8.81,22.628546109316254,31.6619982514435,33.56277724574511
8.82,22.631218031117655,53.86493538579473,27.62033768146758
8.83,22.63388891415585,61.7012649752148,37.19399339871314
8.84,22.636558757376413,48.2359973714971,28.469542904474352
8.85,22.63922755972533,58.34849490018789,31.863173282387965
8.86,22.641895320149008,61.26126774461016,26.452111352004987
8.87,22.644562037594252,37.587805450929224,28.053466832918023
8.88,22.647227711008284,49.43102016817534,31.94253119049567
8.89,22.64989233933874,35.79129187330668,27.51799950453634
8.9,22.65255592153367,57.69136613290834,34.523267586038486
8.91,22.65521845654153,57.33559998774367,19.953217151315446
8.92,22.65787994331119,42.764247775674946,27.451888424699625
8.93,22.660540380791943,40.21493255750953,30.60795008610138
8.94,22.663199767933488,61.93659934350273,32.24212697448666
8.95,22.66585810368594,30.239527189057174,29.242556637574648
8.96,22.668515386999836,42.897962103007046,23.074027169283067
8.97,22.67117161682612,62.959418105582124,25.493872838672633
8.98,22.673826792116145,42.60785528553339,26.50462673142388
8.99,22.676480911821702,30.158935223101437,32.9536002303199
9.0,22.679133974894985,61.111343438185564,42.60441183372151
9.01,22.6817859802886,47.228936013259585,34.97705433509566
9.02,22.68443692695558,30.34067939884875,28.956301557970555
9.03,22.687086813849376,36.889812865139554,27.807234061677956
9.04,22.689735639923857,61.36119110176926,28.481279883668492
9.05,22.692383404133302,48.156632677829414,30.74954606176011
9.06,22.695030105432416,46.88556123703618,19.864713160845188
9.07,22.697675742776326,64.74050848114406,35.847796458415296
9.08,22.700320315120578,56.89140524453503,25.01947257527838
9.09,22.702963821421132,51.95971939264495,37.531153069246855
9.1,22.70560626063438,59.43420498546005,35.334431041418306
9.11,22.70824763171712,57.13085159658088,34.823947812644974
9.12,22.710887933626587,51.97870239900254,24.33914487508817
9.13,22.713527165320432,52.149228236497336,37.844010229476446
9.14,22.716165325756727,42.88098047599612,27.879238090649483
9.15,22.71880241389396,56.83762845759986,19.387029347684273
9.16,22.721438428691066,44.125879608324304,33.72820465842376
9.17,22.724073369107373,58.927714347256845,34.856457773655606
9.18,22.72670723410266,58.938855539962184,34.76586305364904
9.19,22.72934002263711,60.98430793761133,22.723860714563028
9.2,22.731971733671344,46.389521543602946,30.51221037453955
9.21,22.734602366166406,50.51003898862919,25.207162711520294
9.22,22.73723191908376,47.527139866001036,33.577240197706935
9.23,22.7398603913853,46.24920782574395,22.57570636511941
9.24,22.74248778203335,47.641656476756715,27.41491451717801
9.25,22.745114089990658,46.63113044539971,29.626373543408633
9.26,22.747739314220397,60.69599540538749,31.777783439797314
9.27,22.75036345368617,44.60966267454091,31.8804174380601
9.28,22.752986507352006,34.46323339476713,24.128830125843297
9.29,22.75560847418237,45.421998608576885,39.234796217063426
9.3,22.758229353142152,64.54498139023968,34.404332304167546
9.31,22.760849143196666,57.930651156440376,32.055871142531046
9.32,22.76346784331166,55.72376866542404,33.146880800325775
9.33,22.76608545245331,50.013893975044255,27.789726367156383
9.34,22.768701969588236,52.79510150018414,28.251173573195487
9.35,22.77131739368347,48.64521362235984,34.18628660778106
9.36,22.773931723706486,33.7008817897006,31.2701159897131
9.37,22.776544958625188,66.40576654474361,26.908046024994228
9.38,22.779157097407914,54.93339795710134,37.357657960059
9.39,22.78176813902343,59.124187581269084,30.045836293320235
9.4,22.784378082440938,36.60915913191917,32.62713760296809
9.41,22.786986926630078,50.07108744432974,28.364132288018286
9.42,22.789594670560916,48.893992229444514,36.38126018876986
9.43,22.792201313203954,46.2319842257638,34.17665702230993
9.44,22.794806853530137,80.50307429336564,36.48195495142622
9.45,22.797411290510833,44.592737212009425,19.225388961990706
9.46,22.800014623117857,41.606930888811874,30.0383166742002
9.47,22.80261685032345,42.984912342235994,34.09366880988062
9.48,22.805217971100294,56.125079661933725,24.792187726301126
9.49,22.80781798442151,37.62933530034416,37.162831440993
9.5,22.81041688926065,50.771476466276496,27.12492738510869
9.51,22.813014684591717,41.0269564985369,27.030579081819223
9.52,22.81561136938913,39.82783245326505,35.6537745264013
9.53,22.818206942627768,41.95650428684388,23.156051470537815
9.54,22.82080140328294,41.402558458783425,24.447166782618567
9.55,22.823394750330387,61.94312490228668,31.92595905304217
9.56,22.8259869827463,53.899765674017225,30.260743432532113
9.57,22.828578099507308,43.87428781813016,29.02773231236728
9.58,22.831168099590478,38.70893356632223,20.180581193241416
9.59,22.83375698197332,49.80260887806074,29.731213778538613
9.6,22.83634474563378,55.82276147592599,28.735966174876673
9.61,22.838931389550257,36.98995253457067,32.99287095510034
9.62,22.841516912701582,39.15002563428991,27.21299655514247
9.63,22.844101314067032,57.0028856022862,38.3820721314564
9.64,22.84668459262632,41.90839994386632,33.00929367377799
9.65,22.849266747359618,62.60102341410186,31.40161287777446
9.66,22.851847777247528,57.905162175807405,34.10848978146732
9.67,22.854427681271098,52.702342036371796,19.126525766028895
9.68,22.857006458411824,56.74021485555433,34.39377282398382
9.69,22.85958410765165,30.917568985846597,39.790261580624396
9.7,22.862160627972955,47.99150883034824,28.215920385005052
9.71,22.86473601835857,42.00487012825144,25.42108546454198
9.72,22.867310277791777,52.26595642525373,33.673679929447616
9.73,22.869883405256296,33.81311610347897,29.605871501055834
9.74,22.872455399736296,48.16356838899069,31.916527409391545
9.75,22.875026260216394,39.71889185616496,31.601519813310677
9.76,22.877595985681655,59.29696641399542,22.306574615377233
9.77,22.880164575117593,18.9963641730026,35.61918637727892
9.78,22.882732027510173,37.20498784812359,27.02660846304131
9.79,22.8852983418458,44.19142843528776,28.15912952896589
9.8,22.887863517111338,69.28727083184343,36.05728322716629
9.81,22.890427552294092,43.32805622152394,21.493329255155338
9.82,22.892990446381827,51.47407350615929,33.96648483977465
9.83,22.895552198362747,59.197815866685275,28.081837086789776
9.84,22.898112807225516,70.77138154998904,32.50135002149281
9.85,22.900672271959245,44.00651641832001,30.275930056251536
9.86,22.903230591553502,46.384566121643324,36.907249218137345
9.87,22.905787764998298,55.96542417805834,35.25906913058406
9.88,22.908343791284103,50.08839365752264,30.51080339293586
9.89,22.91089866940184,52.665531891182745,32.99365405406208
9.9,22.91345239834288,55.112326236203536,34.54979266291454
9.91,22.916004977099053,55.192794329098945,31.424500361401815
9.92,22.918556404662645,37.14089832710062,21.636252382261503
9.93,22.921106680026387,62.04770096719555,28.550824877696474
9.94,22.92365580218347,46.96194935620744,29.30073937542708
9.95,22.92620377012755,44.29391843474661,29.799164022047787
9.96,22.92875058285272,50.18906413503308,31.408499735934853
9.97,22.931296239353546,43.34872672599758,25.432623059271577
9.98,22.933840738625037,61.848239891555885,32.574814726242934
9.99,22.936384079662666,49.54945532898632,26.724880991368693
