date,timeStamp,rawPd1,rawPd2,rosa1530pd,ntc_1530,ntc_1310,opCode,cur_1530,cur_1310,metadata,app_session_counter,device_config,intpl_ntc_1530,intpl_ntc_1310,intpl_rawPd1,intpl_rawPd2,timestamp
2025-03-26 06:36:55.573974371+01:00,2025-03-26 05:36:55.573974371,-0.3517479123768702,-0.1191067837604026,-0.0465625580027768,,,,0.0858,0.0714,,,,44.86341,24.052,-0.352,-0.119,2025-03-26 05:36:55.573974371
2025-03-26 06:36:55.594711542+01:00,2025-03-26 05:36:55.594711542,-0.3498155295628941,-0.1183915279378328,-0.0470858868462904,,,,0.0858,0.0714,,,,44.92017,24.05406,-0.35,-0.118,2025-03-26 05:36:55.594711542
2025-03-26 06:36:55.615030050+01:00,2025-03-26 05:36:55.615030050,-0.3511059702761138,-0.119357123298302,-0.0467473324236074,,,,0.0858,0.0714,,,,44.97577,24.05607,-0.351,-0.119,2025-03-26 05:36:55.615030050
2025-03-26 06:36:55.635729551+01:00,2025-03-26 05:36:55.635729551,-0.3518647374945566,-0.123810186840318,-0.0472873505696476,,,,0.0858,0.0714,,,,45.03242,24.05813,-0.352,-0.124,2025-03-26 05:36:55.635729551
2025-03-26 06:36:55.659159660+01:00,2025-03-26 05:36:55.659159660,-0.349277895602929,-0.1173192402504968,-0.0473529156867165,,,,0.0858,0.0714,,,,45.09654,24.06046,-0.349,-0.117,2025-03-26 05:36:55.659159660
2025-03-26 06:36:55.660753965+01:00,2025-03-26 05:36:55.660753965,,,,45.1009,,,0.0858,0.0714,,,,45.1009,24.06061,-0.349,-0.117,2025-03-26 05:36:55.660753965
2025-03-26 06:36:55.679488182+01:00,2025-03-26 05:36:55.679488182,-0.3456533367220564,-0.1196116351618331,-0.047783261273296,,,,0.0858,0.0714,,,,45.14274,24.06247,-0.346,-0.12,2025-03-26 05:36:55.679488182
2025-03-26 06:36:55.699792624+01:00,2025-03-26 05:36:55.699792624,-0.3461522276582989,-0.1185733221260693,-0.0484347401183533,,,,0.0858,0.0714,,,,45.18809,24.06449,-0.346,-0.119,2025-03-26 05:36:55.699792624
2025-03-26 06:36:55.720090866+01:00,2025-03-26 05:36:55.720090866,-0.3488475500163495,-0.1184570930549017,-0.0478059110410107,,,,0.0858,0.0714,,,,45.23342,24.06651,-0.349,-0.118,2025-03-26 05:36:55.720090866
2025-03-26 06:36:55.740562439+01:00,2025-03-26 05:36:55.740562439,-0.3497511565388628,-0.1184570930549017,-0.048413878490195,,,,0.0858,0.0714,,,,45.27914,24.06854,-0.35,-0.118,2025-03-26 05:36:55.740562439
2025-03-26 06:36:55.765562296+01:00,2025-03-26 05:36:55.765562296,-0.3487903295505439,-0.1121848955374831,-0.0494223892000185,,,,0.0858,0.0714,,,,45.33498,24.07102,-0.349,-0.112,2025-03-26 05:36:55.765562296
2025-03-26 06:36:55.786168337+01:00,2025-03-26 05:36:55.786168337,,,,45.381,,,0.0858,0.0714,,,,45.381,24.07307,-0.348,-0.11,2025-03-26 05:36:55.786168337
2025-03-26 06:36:55.814038992+01:00,2025-03-26 05:36:55.814038992,-0.3462034876589164,-0.1070302852428299,-0.0496906101334822,,,,0.0858,0.0714,,,,45.381,24.07584,-0.346,-0.107,2025-03-26 05:36:55.814038992
2025-03-26 06:36:55.815695763+01:00,2025-03-26 05:36:55.815695763,,,,45.381,24.076,,0.0921,0.0703,,,,45.381,24.076,-0.347,-0.11,2025-03-26 05:36:55.815695763
2025-03-26 06:36:55.834551811+01:00,2025-03-26 05:36:55.834551811,-0.3503406465459641,-0.137815491892754,-0.0499105512989224,,,,0.0921,0.0703,,,,45.43319,24.08117,-0.35,-0.138,2025-03-26 05:36:55.834551811
2025-03-26 06:36:55.855165482+01:00,2025-03-26 05:36:55.855165482,-0.3484863458259518,-0.1190632723645296,-0.049315100826633,,,,0.0921,0.0703,,,,45.49024,24.08683,-0.348,-0.119,2025-03-26 05:36:55.855165482
2025-03-26 06:36:55.875881910+01:00,2025-03-26 05:36:55.875881910,-0.3524721088972221,-0.1236665396292853,-0.0493943750136345,,,,0.0921,0.0703,,,,45.54758,24.09251,-0.352,-0.124,2025-03-26 05:36:55.875881910
2025-03-26 06:36:55.901288986+01:00,2025-03-26 05:36:55.901288986,,,,45.6179,,,0.0921,0.0703,,,,45.6179,24.09948,-0.351,-0.128,2025-03-26 05:36:55.901288986
2025-03-26 06:36:55.906579494+01:00,2025-03-26 05:36:55.906579494,-0.3506696642243462,-0.1289767180653474,-0.0497591554831451,,,,0.0921,0.0703,,,,45.63219,24.10093,-0.351,-0.129,2025-03-26 05:36:55.906579494
2025-03-26 06:36:55.927521229+01:00,2025-03-26 05:36:55.927521229,-0.3484386621044471,-0.1171434065274484,-0.0497329294363176,,,,0.0921,0.0703,,,,45.68878,24.10667,-0.348,-0.117,2025-03-26 05:36:55.927521229
2025-03-26 06:36:55.948010921+01:00,2025-03-26 05:36:55.948010921,-0.3485441623382762,-0.1176560065336235,-0.0496232568768569,,,,0.0921,0.0703,,,,45.74414,24.11229,-0.349,-0.118,2025-03-26 05:36:55.948010921
2025-03-26 06:36:55.969003677+01:00,2025-03-26 05:36:55.969003677,-0.3520596447062069,-0.1429164580007145,-0.0495791494344651,,,,0.0921,0.0703,,,,45.80086,24.11805,-0.352,-0.143,2025-03-26 05:36:55.969003677
2025-03-26 06:36:55.989296913+01:00,2025-03-26 05:36:55.989296913,-0.3564870782479141,-0.1178425690940104,-0.0493824540832584,,,,0.0921,0.0703,,,,45.85569,24.12362,-0.356,-0.118,2025-03-26 05:36:55.989296913
2025-03-26 06:36:56.014976025+01:00,2025-03-26 05:36:56.014976025,-0.3586996029257301,-0.1364034576896974,-0.0495982229230669,,,,0.0921,0.0703,,,,45.92507,24.13066,-0.359,-0.136,2025-03-26 05:36:56.014976025
2025-03-26 06:36:56.025275946+01:00,2025-03-26 05:36:56.025275946,,,,45.9529,,,0.0921,0.0703,,,,45.9529,24.13348,-0.361,-0.127,2025-03-26 05:36:56.025275946
2025-03-26 06:36:56.035523415+01:00,2025-03-26 05:36:56.035523415,-0.3631270364674373,-0.1181876800284004,-0.0495123922243585,,,,0.0921,0.0703,,,,45.9529,24.13629,-0.363,-0.118,2025-03-26 05:36:56.035523415
2025-03-26 06:36:56.055819035+01:00,2025-03-26 05:36:56.055819035,-0.3640157418269803,-0.1159858841879229,-0.0490903912890423,,,,0.0921,0.0703,,,,45.9529,24.14186,-0.364,-0.116,2025-03-26 05:36:56.055819035
2025-03-26 06:36:56.085114002+01:00,2025-03-26 05:36:56.085114002,-0.3639293150817531,-0.1084607968879696,-0.0492781459424669,,,,0.0921,0.0703,,,,45.9529,24.1499,-0.364,-0.108,2025-03-26 05:36:56.085114002
2025-03-26 06:36:56.120596647+01:00,2025-03-26 05:36:56.120596647,-0.3603440952711219,-0.1064437754683226,-0.0492197333836237,,,,0.0921,0.0703,,,,45.9529,24.15963,-0.36,-0.106,2025-03-26 05:36:56.120596647
2025-03-26 06:36:56.148563385+01:00,2025-03-26 05:36:56.148563385,,,,45.9529,24.1673,,0.0987,0.069,,,,45.9529,24.1673,-0.357,-0.106,2025-03-26 05:36:56.148563385
2025-03-26 06:36:56.153871059+01:00,2025-03-26 05:36:56.153871059,-0.3566176124355331,-0.1063734419791033,-0.0491720496621191,,,,0.0987,0.069,,,,46.04904,24.16896,-0.357,-0.106,2025-03-26 05:36:56.153871059
2025-03-26 06:36:56.155055761+01:00,2025-03-26 05:36:56.155055761,,,,46.0705,,,0.0987,0.069,,,,46.0705,24.16933,-0.356,-0.107,2025-03-26 05:36:56.155055761
2025-03-26 06:36:56.174021482+01:00,2025-03-26 05:36:56.174021482,-0.3545368140383737,-0.1167267700108015,-0.0489449559384531,,,,0.0987,0.069,,,,46.08911,24.17524,-0.355,-0.117,2025-03-26 05:36:56.174021482
2025-03-26 06:36:56.194238901+01:00,2025-03-26 05:36:56.194238901,-0.3533095542561476,-0.1177281281623993,-0.0492894708263243,,,,0.0987,0.069,,,,46.10894,24.18155,-0.353,-0.118,2025-03-26 05:36:56.194238901
2025-03-26 06:36:56.214467287+01:00,2025-03-26 05:36:56.214467287,-0.3527975502964914,-0.1175564667649825,-0.0495898782718036,,,,0.0987,0.069,,,,46.12879,24.18787,-0.353,-0.118,2025-03-26 05:36:56.214467287
2025-03-26 06:36:56.234658003+01:00,2025-03-26 05:36:56.234658003,-0.3524005833149651,-0.1175040146713274,-0.0486326275625977,,,,0.0987,0.069,,,,46.1486,24.19417,-0.352,-0.118,2025-03-26 05:36:56.234658003
2025-03-26 06:36:56.254872321+01:00,2025-03-26 05:36:56.254872321,-0.3514343919079771,-0.1195013665558536,-0.0502806961871023,,,,0.0987,0.069,,,,46.16843,24.20048,-0.351,-0.12,2025-03-26 05:36:56.254872321
2025-03-26 06:36:56.268397092+01:00,2025-03-26 05:36:56.268397092,,,,46.1817,,,0.0987,0.069,,,,46.1817,24.2047,-0.35,-0.115,2025-03-26 05:36:56.268397092
2025-03-26 06:36:56.280211210+01:00,2025-03-26 05:36:56.280211210,-0.3481322941937797,-0.1109153164524217,-0.0485944805853939,,,,0.0987,0.069,,,,46.19278,24.20838,-0.348,-0.111,2025-03-26 05:36:56.280211210
2025-03-26 06:36:56.300443888+01:00,2025-03-26 05:36:56.300443888,-0.3438860587937902,-0.1198953533047858,-0.0509631694511377,,,,0.0987,0.069,,,,46.21176,24.2147,-0.344,-0.12,2025-03-26 05:36:56.300443888
2025-03-26 06:36:56.320806026+01:00,2025-03-26 05:36:56.320806026,-0.3394872354849857,-0.1175707718814339,-0.0491905271042021,,,,0.0987,0.069,,,,46.23087,24.22105,-0.339,-0.118,2025-03-26 05:36:56.320806026
2025-03-26 06:36:56.341003418+01:00,2025-03-26 05:36:56.341003418,-0.3358143968360897,-0.1179957530493441,-0.0513780178282282,,,,0.0987,0.069,,,,46.24981,24.22736,-0.336,-0.118,2025-03-26 05:36:56.341003418
2025-03-26 06:36:56.361225128+01:00,2025-03-26 05:36:56.361225128,-0.3337032000664711,-0.1177978656050998,-0.049647694784128,,,,0.0987,0.069,,,,46.26878,24.23367,-0.334,-0.118,2025-03-26 05:36:56.361225128
2025-03-26 06:36:56.385945082+01:00,2025-03-26 05:36:56.385945082,-0.3332072893628227,-0.1124280825171569,-0.0508618415429403,,,,0.0987,0.069,,,,46.29197,24.24138,-0.333,-0.112,2025-03-26 05:36:56.385945082
2025-03-26 06:36:56.393328428+01:00,2025-03-26 05:36:56.393328428,,,,46.2989,,,0.0987,0.069,,,,46.2989,24.24369,-0.334,-0.12,2025-03-26 05:36:56.393328428
2025-03-26 06:36:56.409710407+01:00,2025-03-26 05:36:56.409710407,-0.3350603979897973,-0.1375270053776509,-0.0509518445672803,,,,0.0987,0.069,,,,46.2989,24.2488,-0.335,-0.138,2025-03-26 05:36:56.409710407
2025-03-26 06:36:56.434708118+01:00,2025-03-26 05:36:56.434708118,-0.3364903135884182,-0.1190883063183196,-0.0517624678328594,,,,0.0987,0.069,,,,46.2989,24.2566,-0.336,-0.119,2025-03-26 05:36:56.434708118
2025-03-26 06:36:56.470503092+01:00,2025-03-26 05:36:56.470503092,-0.3446752243846922,-0.1331442753248543,-0.0514447750383347,,,,0.0987,0.069,,,,46.2989,24.26777,-0.345,-0.133,2025-03-26 05:36:56.470503092
2025-03-26 06:36:56.472201824+01:00,2025-03-26 05:36:56.472201824,,,,46.2989,24.2683,,0.0939,0.0678,,,,46.2989,24.2683,-0.345,-0.132,2025-03-26 05:36:56.472201824
2025-03-26 06:36:56.491248369+01:00,2025-03-26 05:36:56.491248369,-0.3460449392849135,-0.1208615447117739,-0.0518703522527637,,,,0.0939,0.0678,,,,46.36485,24.27543,-0.346,-0.121,2025-03-26 05:36:56.491248369
2025-03-26 06:36:56.508358954+01:00,2025-03-26 05:36:56.508358954,,,,46.4241,,,0.0939,0.0678,,,,46.4241,24.28183,-0.346,-0.129,2025-03-26 05:36:56.508358954
2025-03-26 06:36:56.520897387+01:00,2025-03-26 05:36:56.520897387,-0.3454852516037525,-0.1347345274370345,-0.0514227213171388,,,,0.0939,0.0678,,,,46.43736,24.28652,-0.345,-0.135,2025-03-26 05:36:56.520897387
2025-03-26 06:36:56.541623116+01:00,2025-03-26 05:36:56.541623116,-0.3452051097399127,-0.1215177919289817,-0.0514447750383347,,,,0.0939,0.0678,,,,46.45929,24.29427,-0.345,-0.122,2025-03-26 05:36:56.541623116
2025-03-26 06:36:56.562678576+01:00,2025-03-26 05:36:56.562678576,-0.3465897258031041,-0.1373893186318062,-0.0511807264305027,,,,0.0939,0.0678,,,,46.48156,24.30215,-0.347,-0.137,2025-03-26 05:36:56.562678576
2025-03-26 06:36:56.582978964+01:00,2025-03-26 05:36:56.582978964,-0.3474718746509402,-0.1166510721029129,-0.0513285459671671,,,,0.0939,0.0678,,,,46.50304,24.30975,-0.347,-0.117,2025-03-26 05:36:56.582978964
2025-03-26 06:36:56.603255510+01:00,2025-03-26 05:36:56.603255510,-0.3504348218959358,-0.1168191572212168,-0.0502687752567261,,,,0.0939,0.0678,,,,46.52448,24.31733,-0.35,-0.117,2025-03-26 05:36:56.603255510
2025-03-26 06:36:56.629005671+01:00,2025-03-26 05:36:56.629005671,-0.3565234370855614,-0.1091545950358623,-0.0511992038725857,,,,0.0939,0.0678,,,,46.55172,24.32697,-0.357,-0.109,2025-03-26 05:36:56.629005671
2025-03-26 06:36:56.632575750+01:00,2025-03-26 05:36:56.632575750,,,,46.5555,,,0.0939,0.0678,,,,46.5555,24.3283,-0.359,-0.11,2025-03-26 05:36:56.632575750
2025-03-26 06:36:56.649672508+01:00,2025-03-26 05:36:56.649672508,-0.3680527648988682,-0.1167488237319974,-0.0512194694542252,,,,0.0939,0.0678,,,,46.59157,24.3347,-0.368,-0.117,2025-03-26 05:36:56.649672508
2025-03-26 06:36:56.669971943+01:00,2025-03-26 05:36:56.669971943,-0.3718173947116607,-0.1171064516432823,-0.048469906862963,,,,0.0939,0.0678,,,,46.63441,24.3423,-0.372,-0.117,2025-03-26 05:36:56.669971943
2025-03-26 06:36:56.690290928+01:00,2025-03-26 05:36:56.690290928,-0.3743124454393918,-0.1181000611901356,-0.0495421945502989,,,,0.0939,0.0678,,,,46.67728,24.3499,-0.374,-0.118,2025-03-26 05:36:56.690290928
2025-03-26 06:36:56.710570574+01:00,2025-03-26 05:36:56.710570574,-0.376210257555277,-0.1173085114131583,-0.0484466610487295,,,,0.0939,0.0678,,,,46.72007,24.35749,-0.376,-0.117,2025-03-26 05:36:56.710570574
2025-03-26 06:36:56.737907887+01:00,2025-03-26 05:36:56.737907887,-0.3778493854819996,-0.1361024541976993,-0.046925550332731,,,,0.0939,0.0678,,,,46.77776,24.36771,-0.378,-0.136,2025-03-26 05:36:56.737907887
2025-03-26 06:36:56.762999058+01:00,2025-03-26 05:36:56.762999058,,,,46.8307,,,0.0939,0.0678,,,,46.8307,24.3771,-0.379,-0.117,2025-03-26 05:36:56.762999058
2025-03-26 06:36:56.774777651+01:00,2025-03-26 05:36:56.774777651,-0.3800714469041165,-0.1081770787450169,-0.048382884071217,,,,0.0939,0.0678,,,,46.8307,24.38151,-0.38,-0.108,2025-03-26 05:36:56.774777651
2025-03-26 06:36:56.792129040+01:00,2025-03-26 05:36:56.792129040,,,,46.8307,24.388,,0.0899,0.0667,,,,46.8307,24.388,-0.381,-0.12,2025-03-26 05:36:56.792129040
2025-03-26 06:36:56.804326296+01:00,2025-03-26 05:36:56.804326296,-0.3809619404032159,-0.1275521668853958,-0.0472253617316915,,,,0.0899,0.0667,,,,46.8511,24.39303,-0.381,-0.128,2025-03-26 05:36:56.804326296
2025-03-26 06:36:56.824888229+01:00,2025-03-26 05:36:56.824888229,-0.3782630417660524,-0.1205712700571143,-0.0467926319590368,,,,0.0899,0.0667,,,,46.88548,24.40152,-0.378,-0.121,2025-03-26 05:36:56.824888229
2025-03-26 06:36:56.845487833+01:00,2025-03-26 05:36:56.845487833,-0.372934981934426,-0.1166331907073486,-0.0467252787024115,,,,0.0899,0.0667,,,,46.91992,24.41001,-0.373,-0.117,2025-03-26 05:36:56.845487833
2025-03-26 06:36:56.874525547+01:00,2025-03-26 05:36:56.874525547,-0.3646201329970518,-0.1167142530339065,-0.0476950463885124,,,,0.0899,0.0667,,,,46.96848,24.42199,-0.365,-0.117,2025-03-26 05:36:56.874525547
2025-03-26 06:36:56.876033306+01:00,2025-03-26 05:36:56.876033306,,,,46.971,,,0.0899,0.0667,,,,46.971,24.42262,-0.363,-0.119,2025-03-26 05:36:56.876033306
2025-03-26 06:36:56.895196915+01:00,2025-03-26 05:36:56.895196915,-0.349159878392205,-0.142060535199706,-0.0475680884800062,,,,0.0899,0.0667,,,,46.99383,24.43052,-0.349,-0.142,2025-03-26 05:36:56.895196915
2025-03-26 06:36:56.915675402+01:00,2025-03-26 05:36:56.915675402,-0.3388655589658688,-0.1358944339626352,-0.0485640822129347,,,,0.0899,0.0667,,,,47.01822,24.43897,-0.339,-0.136,2025-03-26 05:36:56.915675402
2025-03-26 06:36:56.935977697+01:00,2025-03-26 05:36:56.935977697,-0.3264081867227777,-0.1164066930302015,-0.0470173414966275,,,,0.0899,0.0667,,,,47.0424,24.44735,-0.326,-0.116,2025-03-26 05:36:56.935977697
2025-03-26 06:36:56.956575632+01:00,2025-03-26 05:36:56.956575632,-0.3204828882793055,-0.1164156337279836,-0.0496375619933083,,,,0.0899,0.0667,,,,47.06694,24.45585,-0.32,-0.116,2025-03-26 05:36:56.956575632
2025-03-26 06:36:56.977624416+01:00,2025-03-26 05:36:56.977624416,-0.3210819150307077,-0.1414960791463946,-0.0505566657253105,,,,0.0899,0.0667,,,,47.09201,24.46453,-0.321,-0.141,2025-03-26 05:36:56.977624416
2025-03-26 06:36:57.003279686+01:00,2025-03-26 05:36:57.003279686,-0.3187001131415502,-0.108798159217615,-0.0497919380416796,,,,0.0899,0.0667,,,,47.12257,24.47511,-0.319,-0.109,2025-03-26 05:36:57.003279686
2025-03-26 06:36:57.023888588+01:00,2025-03-26 05:36:57.023888588,-0.3184634826735834,-0.116731538382952,-0.0495821296670591,,,,0.0899,0.0667,,,,47.14712,24.48362,-0.318,-0.117,2025-03-26 05:36:57.023888588
2025-03-26 06:36:57.053202629+01:00,2025-03-26 05:36:57.053202629,-0.3178984305737531,-0.1172471186217211,-0.0519889655100066,,,,0.0899,0.0667,,,,47.18204,24.49571,-0.318,-0.117,2025-03-26 05:36:57.053202629
2025-03-26 06:36:57.090739250+01:00,2025-03-26 05:36:57.090739250,-0.3177291533624116,-0.1089239250330835,-0.0522399010944248,,,,0.0899,0.0667,,,,47.22675,24.5112,-0.318,-0.109,2025-03-26 05:36:57.090739250
2025-03-26 06:36:57.111349821+01:00,2025-03-26 05:36:57.111349821,,,,47.2513,24.5197,,0.0868,0.0657,,,,47.2513,24.5197,-0.32,-0.111,2025-03-26 05:36:57.111349821
2025-03-26 06:36:57.116504431+01:00,2025-03-26 05:36:57.116504431,-0.3200227403667856,-0.1114845408778835,-0.0508886636362866,,,,0.0868,0.0657,,,,47.25796,24.52199,-0.32,-0.111,2025-03-26 05:36:57.116504431
2025-03-26 06:36:57.136728287+01:00,2025-03-26 05:36:57.136728287,-0.3253794104313147,-0.1173168560644216,-0.0518894257413656,,,,0.0868,0.0657,,,,47.28411,24.53097,-0.325,-0.117,2025-03-26 05:36:57.136728287
2025-03-26 06:36:57.156927824+01:00,2025-03-26 05:36:57.156927824,-0.330393949794048,-0.1181155583996246,-0.0518411459733421,,,,0.0868,0.0657,,,,47.31023,24.53994,-0.33,-0.118,2025-03-26 05:36:57.156927824
2025-03-26 06:36:57.177141905+01:00,2025-03-26 05:36:57.177141905,-0.3350204628730372,-0.1182705304945147,-0.0515562357373518,,,,0.0868,0.0657,,,,47.33636,24.54892,-0.335,-0.118,2025-03-26 05:36:57.177141905
2025-03-26 06:36:57.197330236+01:00,2025-03-26 05:36:57.197330236,-0.3388292001282215,-0.1180654904920447,-0.0519776406261492,,,,0.0868,0.0657,,,,47.36246,24.55789,-0.339,-0.118,2025-03-26 05:36:57.197330236
2025-03-26 06:36:57.217533112+01:00,2025-03-26 05:36:57.217533112,-0.3412759710879291,-0.1180237672357281,-0.0517463745768516,,,,0.0868,0.0657,,,,47.38858,24.56686,-0.341,-0.118,2025-03-26 05:36:57.217533112
2025-03-26 06:36:57.237746716+01:00,2025-03-26 05:36:57.237746716,-0.3422874620303466,-0.1180172107240212,-0.0519234003929377,,,,0.0868,0.0657,,,,47.41472,24.57584,-0.342,-0.118,2025-03-26 05:36:57.237746716
2025-03-26 06:36:57.257959604+01:00,2025-03-26 05:36:57.257959604,-0.3419697692358219,-0.1179736993281482,-0.0517439903907764,,,,0.0868,0.0657,,,,47.44085,24.58482,-0.342,-0.118,2025-03-26 05:36:57.257959604
2025-03-26 06:36:57.278225660+01:00,2025-03-26 05:36:57.278225660,-0.3418136050478941,-0.1187342546861475,-0.0519537987653969,,,,0.0868,0.0657,,,,47.46705,24.59382,-0.342,-0.119,2025-03-26 05:36:57.278225660
2025-03-26 06:36:57.298459291+01:00,2025-03-26 05:36:57.298459291,-0.3417927434197358,-0.1181715867723926,-0.0514757694573127,,,,0.0868,0.0657,,,,47.49321,24.6028,-0.342,-0.118,2025-03-26 05:36:57.298459291
2025-03-26 06:36:57.318673849+01:00,2025-03-26 05:36:57.318673849,-0.3448415213634397,-0.1181304595625948,-0.0515884222493675,,,,0.0868,0.0657,,,,47.51934,24.61178,-0.345,-0.118,2025-03-26 05:36:57.318673849
2025-03-26 06:36:57.338890076+01:00,2025-03-26 05:36:57.338890076,-0.3474450525575939,-0.1182210586334536,-0.0513589443396263,,,,0.0868,0.0657,,,,47.54548,24.62076,-0.347,-0.118,2025-03-26 05:36:57.338890076
2025-03-26 06:36:57.359102964+01:00,2025-03-26 05:36:57.359102964,-0.3498417556097216,-0.1183545730536667,-0.0507777989837883,,,,0.0868,0.0657,,,,47.57161,24.62974,-0.35,-0.118,2025-03-26 05:36:57.359102964
2025-03-26 06:36:57.395218372+01:00,2025-03-26 05:36:57.395218372,-0.3515369119092121,-0.133315936722271,-0.0505262673528513,,,,0.0868,0.0657,,,,47.61831,24.64578,-0.352,-0.133,2025-03-26 05:36:57.395218372
2025-03-26 06:36:57.430788040+01:00,2025-03-26 05:36:57.430788040,-0.3519541444723778,-0.1289665852745277,-0.0505602420044233,,,,0.0868,0.0657,,,,47.66429,24.66158,-0.352,-0.129,2025-03-26 05:36:57.430788040
2025-03-26 06:36:57.432416916+01:00,2025-03-26 05:36:57.432416916,,,,47.6664,24.6623,,0.0847,0.0649,,,,47.6664,24.6623,-0.352,-0.128,2025-03-26 05:36:57.432416916
2025-03-26 06:36:57.451253653+01:00,2025-03-26 05:36:57.451253653,-0.3504699886405454,-0.122511401475835,-0.05014181734822,,,,0.0847,0.0649,,,,47.68937,24.67098,-0.35,-0.123,2025-03-26 05:36:57.451253653
2025-03-26 06:36:57.472124100+01:00,2025-03-26 05:36:57.472124100,-0.349464458163316,-0.1402831244806199,-0.0500816166498204,,,,0.0847,0.0649,,,,47.71481,24.6806,-0.349,-0.14,2025-03-26 05:36:57.472124100
2025-03-26 06:36:57.492640734+01:00,2025-03-26 05:36:57.492640734,-0.3496456563050337,-0.1212799693679773,-0.0499254524618926,,,,0.0847,0.0649,,,,47.73983,24.69006,-0.35,-0.121,2025-03-26 05:36:57.492640734
2025-03-26 06:36:57.513038397+01:00,2025-03-26 05:36:57.513038397,-0.3505146921294561,-0.1171672483882008,-0.0502836764196963,,,,0.0847,0.0649,,,,47.7647,24.69946,-0.351,-0.117,2025-03-26 05:36:57.513038397
2025-03-26 06:36:57.533151150+01:00,2025-03-26 05:36:57.533151150,-0.3512382926032892,-0.1175034186248086,-0.0496190845512252,,,,0.0847,0.0649,,,,47.78922,24.70874,-0.351,-0.118,2025-03-26 05:36:57.533151150
2025-03-26 06:36:57.553259850+01:00,2025-03-26 05:36:57.553259850,-0.3521758737773744,-0.1173615595533322,-0.0492113887323604,,,,0.0847,0.0649,,,,47.81374,24.71801,-0.352,-0.117,2025-03-26 05:36:57.553259850
2025-03-26 06:36:57.573498249+01:00,2025-03-26 05:36:57.573498249,-0.3527468863423927,-0.1179576060721404,-0.0496232568768569,,,,0.0847,0.0649,,,,47.83841,24.72733,-0.353,-0.118,2025-03-26 05:36:57.573498249
2025-03-26 06:36:57.593950033+01:00,2025-03-26 05:36:57.593950033,-0.3523618402912426,-0.1198023700478518,-0.049225097802293,,,,0.0847,0.0649,,,,47.86335,24.73676,-0.352,-0.12,2025-03-26 05:36:57.593950033
2025-03-26 06:36:57.614358902+01:00,2025-03-26 05:36:57.614358902,-0.3523272695931517,-0.1197183274886998,-0.0487577973315474,,,,0.0847,0.0649,,,,47.88823,24.74617,-0.352,-0.12,2025-03-26 05:36:57.614358902
2025-03-26 06:36:57.634763718+01:00,2025-03-26 05:36:57.634763718,-0.3519803705192054,-0.1197284602795196,-0.0488787947748654,,,,0.0847,0.0649,,,,47.91311,24.75558,-0.352,-0.12,2025-03-26 05:36:57.634763718
2025-03-26 06:36:57.655199528+01:00,2025-03-26 05:36:57.655199528,-0.3514743270247372,-0.1217734958855504,-0.0490832387308166,,,,0.0847,0.0649,,,,47.93802,24.765,-0.351,-0.122,2025-03-26 05:36:57.655199528
2025-03-26 06:36:57.676380157+01:00,2025-03-26 05:36:57.676380157,-0.3512984933016888,-0.1258337647716718,-0.0484907684911213,,,,0.0847,0.0649,,,,47.96385,24.77476,-0.351,-0.126,2025-03-26 05:36:57.676380157
2025-03-26 06:36:57.700433493+01:00,2025-03-26 05:36:57.700433493,-0.3512716712083424,-0.1126098767053934,-0.0481092987190841,,,,0.0847,0.0649,,,,47.99317,24.78585,-0.351,-0.113,2025-03-26 05:36:57.700433493
2025-03-26 06:36:57.738082409+01:00,2025-03-26 05:36:57.738082409,-0.3514695586525868,-0.1278805885172591,-0.0482285080228457,,,,0.0847,0.0649,,,,48.03908,24.8032,-0.351,-0.128,2025-03-26 05:36:57.738082409
2025-03-26 06:36:57.751307011+01:00,2025-03-26 05:36:57.751307011,,,,48.0552,24.8093,,0.0834,0.0642,,,,48.0552,24.8093,-0.35,-0.12,2025-03-26 05:36:57.751307011
2025-03-26 06:36:57.764478445+01:00,2025-03-26 05:36:57.764478445,-0.3494811474658426,-0.1112628115728869,-0.04749119847908,,,,0.0834,0.0642,,,,48.06951,24.81727,-0.349,-0.111,2025-03-26 05:36:57.764478445
2025-03-26 06:36:57.785695314+01:00,2025-03-26 05:36:57.785695314,-0.3537106935633056,-0.1381439135246173,-0.0480717477883991,,,,0.0834,0.0642,,,,48.09257,24.8301,-0.354,-0.138,2025-03-26 05:36:57.785695314
2025-03-26 06:36:57.806175709+01:00,2025-03-26 05:36:57.806175709,-0.3542942231052188,-0.1365298195516848,-0.0476253089458118,,,,0.0834,0.0642,,,,48.11483,24.84249,-0.354,-0.137,2025-03-26 05:36:57.806175709
2025-03-26 06:36:57.826482058+01:00,2025-03-26 05:36:57.826482058,-0.3498465239818721,-0.1171547314113058,-0.0469768103333485,,,,0.0834,0.0642,,,,48.1369,24.85478,-0.35,-0.117,2025-03-26 05:36:57.826482058
2025-03-26 06:36:57.846765757+01:00,2025-03-26 05:36:57.846765757,-0.3493351160687346,-0.1169675728044,-0.0475442466192539,,,,0.0834,0.0642,,,,48.15894,24.86705,-0.349,-0.117,2025-03-26 05:36:57.846765757
2025-03-26 06:36:57.867349148+01:00,2025-03-26 05:36:57.867349148,-0.3486413179208419,-0.1171064516432823,-0.0474363621993496,,,,0.0834,0.0642,,,,48.18131,24.8795,-0.349,-0.117,2025-03-26 05:36:57.867349148
2025-03-26 06:36:57.887662649+01:00,2025-03-26 05:36:57.887662649,-0.3523439588956784,-0.1161182065150984,-0.0466394480037031,,,,0.0834,0.0642,,,,48.20339,24.89179,-0.352,-0.116,2025-03-26 05:36:57.887662649
2025-03-26 06:36:57.907950401+01:00,2025-03-26 05:36:57.907950401,-0.3519350709837759,-0.1166761060567028,-0.0469708498681604,,,,0.0834,0.0642,,,,48.22544,24.90407,-0.352,-0.117,2025-03-26 05:36:57.907950401
2025-03-26 06:36:57.928242922+01:00,2025-03-26 05:36:57.928242922,-0.3522152128476158,-0.1169377704784596,-0.0466322954454774,,,,0.0834,0.0642,,,,48.24749,24.91634,-0.352,-0.117,2025-03-26 05:36:57.928242922
2025-03-26 06:36:57.948532820+01:00,2025-03-26 05:36:57.948532820,-0.3528106633199052,-0.1193475865540011,-0.0464922245135574,,,,0.0834,0.0642,,,,48.26954,24.92862,-0.353,-0.119,2025-03-26 05:36:57.948532820
2025-03-26 06:36:57.968799114+01:00,2025-03-26 05:36:57.968799114,-0.353370351001066,-0.1167059083826432,-0.0464516933502785,,,,0.0834,0.0642,,,,48.29156,24.94088,-0.353,-0.117,2025-03-26 05:36:57.968799114
2025-03-26 06:36:57.989174366+01:00,2025-03-26 05:36:57.989174366,-0.3537542049591786,-0.1164800067520149,-0.0457942540400331,,,,0.0834,0.0642,,,,48.31371,24.9532,-0.354,-0.116,2025-03-26 05:36:57.989174366
2025-03-26 06:36:58.014349937+01:00,2025-03-26 05:36:58.014349937,-0.3544044917111983,-0.117039098386657,-0.0460815484620986,,,,0.0834,0.0642,,,,48.34107,24.96844,-0.354,-0.117,2025-03-26 05:36:58.014349937
2025-03-26 06:36:58.042502165+01:00,2025-03-26 05:36:58.042502165,-0.3549075549730724,-0.1340633790568565,-0.0461745317190327,,,,0.0834,0.0642,,,,48.37166,24.98547,-0.355,-0.134,2025-03-26 05:36:58.042502165
2025-03-26 06:36:58.071153402+01:00,2025-03-26 05:36:58.071153402,,,,48.4028,25.0028,,0.0831,0.0636,,,,48.4028,25.0028,-0.355,-0.131,2025-03-26 05:36:58.071153402
2025-03-26 06:36:58.074325085+01:00,2025-03-26 05:36:58.074325085,-0.3553820080020437,-0.1302760994763493,-0.0451451593810509,,,,0.0831,0.0636,,,,48.42071,25.00416,-0.355,-0.13,2025-03-26 05:36:58.074325085
2025-03-26 06:36:58.089588165+01:00,2025-03-26 05:36:58.089588165,,,,48.5069,,,0.0831,0.0636,,,,48.5069,25.01069,-0.355,-0.121,2025-03-26 05:36:58.089588165
2025-03-26 06:36:58.094767094+01:00,2025-03-26 05:36:58.094767094,-0.3549480861363513,-0.1172518869938715,-0.0450289303098833,,,,0.0831,0.0636,,,,48.51139,25.01291,-0.355,-0.117,2025-03-26 05:36:58.094767094
2025-03-26 06:36:58.115592718+01:00,2025-03-26 05:36:58.115592718,-0.354803246832281,-0.1181745670049866,-0.0455135161296744,,,,0.0831,0.0636,,,,48.52942,25.02182,-0.355,-0.118,2025-03-26 05:36:58.115592718
2025-03-26 06:36:58.136188745+01:00,2025-03-26 05:36:58.136188745,-0.3540969317074933,-0.1370471879300103,-0.0454461628730491,,,,0.0831,0.0636,,,,48.54726,25.03064,-0.354,-0.137,2025-03-26 05:36:58.136188745
2025-03-26 06:36:58.156903505+01:00,2025-03-26 05:36:58.156903505,-0.3502047479396758,-0.1178568742104618,-0.0446045451884919,,,,0.0831,0.0636,,,,48.5652,25.03951,-0.35,-0.118,2025-03-26 05:36:58.156903505
2025-03-26 06:36:58.177301407+01:00,2025-03-26 05:36:58.177301407,-0.3534156505364955,-0.1175129553691095,-0.0445646100717318,,,,0.0831,0.0636,,,,48.58287,25.04824,-0.353,-0.118,2025-03-26 05:36:58.177301407
2025-03-26 06:36:58.201650381+01:00,2025-03-26 05:36:58.201650381,-0.3541541521732989,-0.1165086169849177,-0.0449216419364979,,,,0.0831,0.0636,,,,48.60396,25.05866,-0.354,-0.117,2025-03-26 05:36:58.201650381
2025-03-26 06:36:58.203086853+01:00,2025-03-26 05:36:58.203086853,,,,48.6052,,,0.0831,0.0636,,,,48.6052,25.05928,-0.354,-0.117,2025-03-26 05:36:58.203086853
2025-03-26 06:36:58.221995831+01:00,2025-03-26 05:36:58.221995831,-0.3555602259111673,-0.1176899811851956,-0.0437945179694316,,,,0.0831,0.0636,,,,48.62528,25.06737,-0.356,-0.118,2025-03-26 05:36:58.221995831
2025-03-26 06:36:58.242269516+01:00,2025-03-26 05:36:58.242269516,-0.3564489312707103,-0.116513981403587,-0.0439244561105318,,,,0.0831,0.0636,,,,48.64681,25.07605,-0.356,-0.117,2025-03-26 05:36:58.242269516
2025-03-26 06:36:58.262538910+01:00,2025-03-26 05:36:58.262538910,-0.3562725015011431,-0.1164412637282924,-0.0430285981927631,,,,0.0831,0.0636,,,,48.66833,25.08473,-0.356,-0.116,2025-03-26 05:36:58.262538910
2025-03-26 06:36:58.282973528+01:00,2025-03-26 05:36:58.282973528,-0.3555059856779558,-0.1178920409550715,-0.0425809672571381,,,,0.0831,0.0636,,,,48.69003,25.09348,-0.356,-0.118,2025-03-26 05:36:58.282973528
2025-03-26 06:36:58.304107666+01:00,2025-03-26 05:36:58.304107666,-0.355070275672707,-0.1377183363101883,-0.04257500679195,,,,0.0831,0.0636,,,,48.71247,25.10253,-0.355,-0.138,2025-03-26 05:36:58.304107666
2025-03-26 06:36:58.327682495+01:00,2025-03-26 05:36:58.327682495,,,,48.7375,,,0.0831,0.0636,,,,48.7375,25.11262,-0.355,-0.131,2025-03-26 05:36:58.327682495
2025-03-26 06:36:58.329964399+01:00,2025-03-26 05:36:58.329964399,-0.3553426689318024,-0.1306158459920699,-0.0422918846955161,,,,0.0831,0.0636,,,,48.7375,25.11359,-0.355,-0.131,2025-03-26 05:36:58.329964399
2025-03-26 06:36:58.358502865+01:00,2025-03-26 05:36:58.358502865,-0.356381578014085,-0.1177549502557456,-0.042018895389902,,,,0.0831,0.0636,,,,48.7375,25.12581,-0.356,-0.118,2025-03-26 05:36:58.358502865
2025-03-26 06:36:58.391413689+01:00,2025-03-26 05:36:58.391413689,,,,48.7375,25.1399,,0.0737,0.0631,,,,48.7375,25.1399,-0.356,-0.125,2025-03-26 05:36:58.391413689
2025-03-26 06:36:58.396700621+01:00,2025-03-26 05:36:58.396700621,-0.3564280696425521,-0.1264232547787731,-0.0419092228304413,,,,0.0737,0.0631,,,,48.75995,25.14204,-0.356,-0.126,2025-03-26 05:36:58.396700621
2025-03-26 06:36:58.416970968+01:00,2025-03-26 05:36:58.416970968,-0.3515851916772355,-0.1167357107085836,-0.0420665791114066,,,,0.0737,0.0631,,,,48.84604,25.15024,-0.352,-0.117,2025-03-26 05:36:58.416970968
2025-03-26 06:36:58.440486431+01:00,2025-03-26 05:36:58.440486431,,,,48.9459,,,0.0737,0.0631,,,,48.9459,25.15976,-0.351,-0.109,2025-03-26 05:36:58.440486431
2025-03-26 06:36:58.445751190+01:00,2025-03-26 05:36:58.445751190,-0.3507453621322348,-0.1077932247869044,-0.0417822649219351,,,,0.0737,0.0631,,,,48.9523,25.16189,-0.351,-0.108,2025-03-26 05:36:58.445751190
2025-03-26 06:36:58.466394901+01:00,2025-03-26 05:36:58.466394901,-0.3554088300953901,-0.1169961830373028,-0.0419044544582908,,,,0.0737,0.0631,,,,48.9774,25.17024,-0.355,-0.117,2025-03-26 05:36:58.466394901
2025-03-26 06:36:58.486876488+01:00,2025-03-26 05:36:58.486876488,-0.3551084226499107,-0.1229298261320383,-0.0415843774776908,,,,0.0737,0.0631,,,,49.0023,25.17853,-0.355,-0.123,2025-03-26 05:36:58.486876488
2025-03-26 06:36:58.507741927+01:00,2025-03-26 05:36:58.507741927,-0.3547585433433703,-0.1367545290892755,-0.04152477282581,,,,0.0737,0.0631,,,,49.02767,25.18697,-0.355,-0.137,2025-03-26 05:36:58.507741927
2025-03-26 06:36:58.528711795+01:00,2025-03-26 05:36:58.528711795,-0.3549755042762165,-0.1372170611878706,-0.0416040470128115,,,,0.0737,0.0631,,,,49.05316,25.19546,-0.355,-0.137,2025-03-26 05:36:58.528711795
2025-03-26 06:36:58.554455519+01:00,2025-03-26 05:36:58.554455519,-0.3547138398544597,-0.1181996009587765,-0.0421416809727765,,,,0.0737,0.0631,,,,49.08446,25.20587,-0.355,-0.118,2025-03-26 05:36:58.554455519
2025-03-26 06:36:58.556381702+01:00,2025-03-26 05:36:58.556381702,,,,49.0868,,,0.0737,0.0631,,,,49.0868,25.20665,-0.355,-0.118,2025-03-26 05:36:58.556381702
2025-03-26 06:36:58.574989080+01:00,2025-03-26 05:36:58.574989080,-0.3546423142722028,-0.119904294002568,-0.0422495653926808,,,,0.0737,0.0631,,,,49.0856,25.21418,-0.355,-0.12,2025-03-26 05:36:58.574989080
2025-03-26 06:36:58.595546484+01:00,2025-03-26 05:36:58.595546484,-0.3552324003258229,-0.1210314179696342,-0.04248500376761,,,,0.0737,0.0631,,,,49.08427,25.2225,-0.355,-0.121,2025-03-26 05:36:58.595546484
2025-03-26 06:36:58.616168022+01:00,2025-03-26 05:36:58.616168022,-0.3553331321875014,-0.1170045276885661,-0.0426572612115456,,,,0.0737,0.0631,,,,49.08294,25.23085,-0.355,-0.117,2025-03-26 05:36:58.616168022
2025-03-26 06:36:58.636454105+01:00,2025-03-26 05:36:58.636454105,-0.3552407449770862,-0.1176345488589464,-0.0421154549259489,,,,0.0737,0.0631,,,,49.08163,25.23905,-0.355,-0.118,2025-03-26 05:36:58.636454105
2025-03-26 06:36:58.660988569+01:00,2025-03-26 05:36:58.660988569,-0.3556663221915152,-0.1304119980826375,-0.042544012372972,,,,0.0737,0.0631,,,,49.08005,25.24898,-0.356,-0.13,2025-03-26 05:36:58.660988569
2025-03-26 06:36:58.681941509+01:00,2025-03-26 05:36:58.681941509,,,,49.0787,,,0.0737,0.0631,,,,49.0787,25.25746,-0.356,-0.117,2025-03-26 05:36:58.681941509
2025-03-26 06:36:58.694254398+01:00,2025-03-26 05:36:58.694254398,-0.3564829059222824,-0.108813656427104,-0.0431191972636219,,,,0.0737,0.0631,,,,49.10199,25.26244,-0.356,-0.109,2025-03-26 05:36:58.694254398
2025-03-26 06:36:58.708482742+01:00,2025-03-26 05:36:58.708482742,,,,49.1289,25.2682,,0.1026,0.0629,,,,49.1289,25.2682,-0.357,-0.109,2025-03-26 05:36:58.708482742
2025-03-26 06:36:58.720613003+01:00,2025-03-26 05:36:58.720613003,-0.3571910091866265,-0.1098257434160403,-0.0432860902888882,,,,0.1026,0.0629,,,,49.10305,25.27256,-0.357,-0.11,2025-03-26 05:36:58.720613003
2025-03-26 06:36:58.740898371+01:00,2025-03-26 05:36:58.740898371,-0.3563720412697841,-0.1173669239720015,-0.0434786133144632,,,,0.1026,0.0629,,,,49.05983,25.27986,-0.356,-0.117,2025-03-26 05:36:58.740898371
2025-03-26 06:36:58.761197090+01:00,2025-03-26 05:36:58.761197090,-0.3555566496320545,-0.1174473902520406,-0.0440651230889705,,,,0.1026,0.0629,,,,49.01658,25.28716,-0.356,-0.117,2025-03-26 05:36:58.761197090
2025-03-26 06:36:58.781549215+01:00,2025-03-26 05:36:58.781549215,-0.3550219959046836,-0.1179987332819382,-0.0438267044814472,,,,0.1026,0.0629,,,,48.97322,25.29448,-0.355,-0.118,2025-03-26 05:36:58.781549215
2025-03-26 06:36:58.795449495+01:00,2025-03-26 05:36:58.795449495,,,,48.9436,,,0.1026,0.0629,,,,48.9436,25.29948,-0.355,-0.114,2025-03-26 05:36:58.795449495
2025-03-26 06:36:58.807429790+01:00,2025-03-26 05:36:58.807429790,-0.3548598712515677,-0.1109022034290079,-0.0448316389121578,,,,0.1026,0.0629,,,,48.92334,25.30379,-0.355,-0.111,2025-03-26 05:36:58.807429790
2025-03-26 06:36:58.828081608+01:00,2025-03-26 05:36:58.828081608,-0.3560346789401387,-0.1225966361280246,-0.044682031235937,,,,0.1026,0.0629,,,,48.88842,25.31122,-0.356,-0.123,2025-03-26 05:36:58.828081608
2025-03-26 06:36:58.848813772+01:00,2025-03-26 05:36:58.848813772,-0.3561854787093971,-0.142060535199706,-0.0459379012510658,,,,0.1026,0.0629,,,,48.85337,25.31867,-0.356,-0.142,2025-03-26 05:36:58.848813772
2025-03-26 06:36:58.869404078+01:00,2025-03-26 05:36:58.869404078,-0.3551620668366035,-0.1373636886314974,-0.0463521535816375,,,,0.1026,0.0629,,,,48.81855,25.32608,-0.355,-0.137,2025-03-26 05:36:58.869404078
2025-03-26 06:36:58.890503645+01:00,2025-03-26 05:36:58.890503645,-0.3521109047068244,-0.1373660728175726,-0.0462919528832379,,,,0.1026,0.0629,,,,48.78288,25.33367,-0.352,-0.137,2025-03-26 05:36:58.890503645
2025-03-26 06:36:58.912003040+01:00,2025-03-26 05:36:58.912003040,-0.3548890775309893,-0.1151943344109457,-0.0469988640545444,,,,0.1026,0.0629,,,,48.74653,25.3414,-0.355,-0.115,2025-03-26 05:36:58.912003040
2025-03-26 06:36:58.919884205+01:00,2025-03-26 05:36:58.919884205,,,,48.7332,,,0.1026,0.0629,,,,48.7332,25.34424,-0.353,-0.116,2025-03-26 05:36:58.919884205
2025-03-26 06:36:58.932616711+01:00,2025-03-26 05:36:58.932616711,-0.3506511867822631,-0.1172918221106317,-0.0467723663773973,,,,0.1026,0.0629,,,,48.7332,25.34882,-0.351,-0.117,2025-03-26 05:36:58.932616711
2025-03-26 06:36:58.953010798+01:00,2025-03-26 05:36:58.953010798,-0.3542459433371953,-0.1163327832618693,-0.0477910098780405,,,,0.1026,0.0629,,,,48.7332,25.35615,-0.354,-0.116,2025-03-26 05:36:58.953010798
2025-03-26 06:36:58.977571487+01:00,2025-03-26 05:36:58.977571487,-0.3528231802968001,-0.110808624125555,-0.0483757315129913,,,,0.1026,0.0629,,,,48.7332,25.36499,-0.353,-0.111,2025-03-26 05:36:58.977571487
2025-03-26 06:36:59.010216713+01:00,2025-03-26 05:36:59.010216713,-0.3529358330888549,-0.1100009810925699,-0.0484216270949396,,,,0.1026,0.0629,,,,48.7332,25.37673,-0.353,-0.11,2025-03-26 05:36:59.010216713
2025-03-26 06:36:59.041887045+01:00,2025-03-26 05:36:59.041887045,-0.3534222070482024,-0.1119411125112906,-0.0491726457086379,,,,0.1026,0.0629,,,,48.7332,25.38812,-0.353,-0.112,2025-03-26 05:36:59.041887045
2025-03-26 06:36:59.043498993+01:00,2025-03-26 05:36:59.043498993,,,,48.7332,25.3887,,0.1268,0.0628,,,,48.7332,25.3887,-0.353,-0.112,2025-03-26 05:36:59.043498993
2025-03-26 06:36:59.050647259+01:00,2025-03-26 05:36:59.050647259,,,,48.4618,,,0.1268,0.0628,,,,48.4618,25.39102,-0.353,-0.115,2025-03-26 05:36:59.050647259
2025-03-26 06:36:59.062682629+01:00,2025-03-26 05:36:59.062682629,-0.3520578565666504,-0.1184415958454127,-0.0494605361772222,,,,0.1268,0.0628,,,,48.43505,25.39491,-0.352,-0.118,2025-03-26 05:36:59.062682629
2025-03-26 06:36:59.083169699+01:00,2025-03-26 05:36:59.083169699,-0.3516668500503123,-0.1191938065521486,-0.0503349364203138,,,,0.1268,0.0628,,,,48.38953,25.40155,-0.352,-0.119,2025-03-26 05:36:59.083169699
2025-03-26 06:36:59.103709698+01:00,2025-03-26 05:36:59.103709698,-0.3525996628522471,-0.1175588509510577,-0.0502401650238233,,,,0.1268,0.0628,,,,48.34388,25.4082,-0.353,-0.118,2025-03-26 05:36:59.103709698
2025-03-26 06:36:59.124083996+01:00,2025-03-26 05:36:59.124083996,-0.3525621119215621,-0.1185184858463389,-0.0508290589844058,,,,0.1268,0.0628,,,,48.2986,25.4148,-0.353,-0.119,2025-03-26 05:36:59.124083996
2025-03-26 06:36:59.144495249+01:00,2025-03-26 05:36:59.144495249,-0.3518504323781052,-0.1182949684017859,-0.0506752789825533,,,,0.1268,0.0628,,,,48.25324,25.42141,-0.352,-0.118,2025-03-26 05:36:59.144495249
2025-03-26 06:36:59.168596029+01:00,2025-03-26 05:36:59.168596029,-0.3504181325934091,-0.1132607595039319,-0.0512236417798568,,,,0.1268,0.0628,,,,48.19968,25.42922,-0.35,-0.113,2025-03-26 05:36:59.168596029
2025-03-26 06:36:59.175922871+01:00,2025-03-26 05:36:59.175922871,,,,48.1834,,,0.1268,0.0628,,,,48.1834,25.43159,-0.35,-0.115,2025-03-26 05:36:59.175922871
2025-03-26 06:36:59.189294338+01:00,2025-03-26 05:36:59.189294338,-0.3492105423463037,-0.1180935046784287,-0.051223045733338,,,,0.1268,0.0628,,,,48.13221,25.43592,-0.349,-0.118,2025-03-26 05:36:59.189294338
2025-03-26 06:36:59.209933758+01:00,2025-03-26 05:36:59.209933758,-0.3501129567757793,-0.1177865407212425,-0.0511866868956907,,,,0.1268,0.0628,,,,48.05319,25.4426,-0.35,-0.118,2025-03-26 05:36:59.209933758
2025-03-26 06:36:59.230351925+01:00,2025-03-26 05:36:59.230351925,-0.3513110102785838,-0.1175373932763806,-0.0516688885294066,,,,0.1268,0.0628,,,,47.97502,25.44922,-0.351,-0.118,2025-03-26 05:36:59.230351925
2025-03-26 06:36:59.250873803+01:00,2025-03-26 05:36:59.250873803,-0.3517473163303514,-0.123996749400705,-0.0519645276027354,,,,0.1268,0.0628,,,,47.89645,25.45586,-0.352,-0.124,2025-03-26 05:36:59.250873803
2025-03-26 06:36:59.271756649+01:00,2025-03-26 05:36:59.271756649,-0.3512126626029804,-0.1370567246743112,-0.0521189036511067,,,,0.1268,0.0628,,,,47.8165,25.46263,-0.351,-0.137,2025-03-26 05:36:59.271756649
2025-03-26 06:36:59.288368464+01:00,2025-03-26 05:36:59.288368464,,,,47.7529,,,0.1268,0.0628,,,,47.7529,25.46801,-0.35,-0.123,2025-03-26 05:36:59.288368464
2025-03-26 06:36:59.306336164+01:00,2025-03-26 05:36:59.306336164,-0.347805064654954,-0.1087439189844034,-0.0520181717894282,,,,0.1268,0.0628,,,,47.7529,25.47383,-0.348,-0.109,2025-03-26 05:36:59.306336164
2025-03-26 06:36:59.331099987+01:00,2025-03-26 05:36:59.331099987,-0.3443128281012568,-0.1145386832402566,-0.0519681038818483,,,,0.1268,0.0628,,,,47.7529,25.48185,-0.344,-0.115,2025-03-26 05:36:59.331099987
2025-03-26 06:36:59.362876892+01:00,2025-03-26 05:36:59.362876892,-0.3424543550556129,-0.1102793348168533,-0.0518083634148077,,,,0.1268,0.0628,,,,47.7529,25.49214,-0.342,-0.11,2025-03-26 05:36:59.362876892
2025-03-26 06:36:59.364302874+01:00,2025-03-26 05:36:59.364302874,,,,47.7529,25.4926,,0.116,0.063,,,,47.7529,25.4926,-0.342,-0.112,2025-03-26 05:36:59.364302874
2025-03-26 06:36:59.383714914+01:00,2025-03-26 05:36:59.383714914,-0.3424674680790267,-0.1378834411958982,-0.0518840613226963,,,,0.116,0.063,,,,47.6775,25.49718,-0.342,-0.138,2025-03-26 05:36:59.383714914
2025-03-26 06:36:59.400167227+01:00,2025-03-26 05:36:59.400167227,,,,47.6136,,,0.116,0.063,,,,47.6136,25.50106,-0.343,-0.142,2025-03-26 05:36:59.400167227
2025-03-26 06:36:59.405008078+01:00,2025-03-26 05:36:59.405008078,-0.3429711273874196,-0.1429665259082944,-0.0519621434166602,,,,0.116,0.063,,,,47.60957,25.5022,-0.343,-0.143,2025-03-26 05:36:59.405008078
2025-03-26 06:36:59.425664902+01:00,2025-03-26 05:36:59.425664902,-0.3426677397093463,-0.1178598544430559,-0.0522387090013872,,,,0.116,0.063,,,,47.5924,25.50708,-0.343,-0.118,2025-03-26 05:36:59.425664902
2025-03-26 06:36:59.446100235+01:00,2025-03-26 05:36:59.446100235,-0.3422236850528342,-0.1173490425764373,-0.0521504941166036,,,,0.116,0.063,,,,47.57541,25.5119,-0.342,-0.117,2025-03-26 05:36:59.446100235
2025-03-26 06:36:59.467229366+01:00,2025-03-26 05:36:59.467229366,-0.3414357115549697,-0.137912051428801,-0.0522142710941161,,,,0.116,0.063,,,,47.55784,25.51688,-0.341,-0.138,2025-03-26 05:36:59.467229366
2025-03-26 06:36:59.487561703+01:00,2025-03-26 05:36:59.487561703,-0.3394878315315046,-0.1220864203079247,-0.0514912666668017,,,,0.116,0.063,,,,47.54093,25.52168,-0.339,-0.122,2025-03-26 05:36:59.487561703
2025-03-26 06:36:59.514285803+01:00,2025-03-26 05:36:59.514285803,-0.3334647814589478,-0.1170569797822213,-0.0520956578368732,,,,0.116,0.063,,,,47.51871,25.52799,-0.333,-0.117,2025-03-26 05:36:59.514285803
2025-03-26 06:36:59.515867233+01:00,2025-03-26 05:36:59.515867233,,,,47.5174,,,0.116,0.063,,,,47.5174,25.52836,-0.334,-0.119,2025-03-26 05:36:59.515867233
2025-03-26 06:36:59.534929514+01:00,2025-03-26 05:36:59.534929514,-0.3351062935717456,-0.1426106861365659,-0.0505507052601224,,,,0.116,0.063,,,,47.50608,25.53286,-0.335,-0.143,2025-03-26 05:36:59.534929514
2025-03-26 06:36:59.555623770+01:00,2025-03-26 05:36:59.555623770,-0.3322613635374741,-0.1364839239697365,-0.050887471543249,,,,0.116,0.063,,,,47.4938,25.53774,-0.332,-0.136,2025-03-26 05:36:59.555623770
2025-03-26 06:36:59.576164007+01:00,2025-03-26 05:36:59.576164007,-0.3291887437330179,-0.1224142458932692,-0.0509798587536643,,,,0.116,0.063,,,,47.4816,25.54258,-0.329,-0.122,2025-03-26 05:36:59.576164007
2025-03-26 06:36:59.596817493+01:00,2025-03-26 05:36:59.596817493,-0.3258020074131497,-0.1170689007125974,-0.0518828692296587,,,,0.116,0.063,,,,47.46934,25.54746,-0.326,-0.117,2025-03-26 05:36:59.596817493
2025-03-26 06:36:59.625616074+01:00,2025-03-26 05:36:59.625616074,-0.3225899127232924,-0.1175588509510577,-0.0484132824436762,,,,0.116,0.063,,,,47.45224,25.55425,-0.323,-0.118,2025-03-26 05:36:59.625616074
2025-03-26 06:36:59.645558834+01:00,2025-03-26 05:36:59.645558834,,,,47.4404,,,0.116,0.063,,,,47.4404,25.55896,-0.32,-0.112,2025-03-26 05:36:59.645558834
2025-03-26 06:36:59.652057886+01:00,2025-03-26 05:36:59.652057886,-0.3188974045392757,-0.109528316203155,-0.0482124147668379,,,,0.116,0.063,,,,47.4404,25.56049,-0.319,-0.11,2025-03-26 05:36:59.652057886
2025-03-26 06:36:59.682033062+01:00,2025-03-26 05:36:59.682033062,-0.3179979703423941,-0.1106548441237025,-0.0510287345682066,,,,0.116,0.063,,,,47.4404,25.56756,-0.318,-0.111,2025-03-26 05:36:59.682033062
2025-03-26 06:36:59.683887005+01:00,2025-03-26 05:36:59.683887005,,,,47.4404,25.568,,0.1128,0.0632,,,,47.4404,25.568,-0.318,-0.114,2025-03-26 05:36:59.683887005
2025-03-26 06:36:59.702920437+01:00,2025-03-26 05:36:59.702920437,-0.3173309942878478,-0.1437747649877983,-0.0509679378232881,,,,0.1128,0.0632,,,,47.42191,25.57086,-0.317,-0.144,2025-03-26 05:36:59.702920437
2025-03-26 06:36:59.723374844+01:00,2025-03-26 05:36:59.723374844,-0.3172815224267867,-0.1174515625776723,-0.0488466082628498,,,,0.1128,0.0632,,,,47.40204,25.57394,-0.317,-0.117,2025-03-26 05:36:59.723374844
2025-03-26 06:36:59.744149446+01:00,2025-03-26 05:36:59.744149446,-0.3177374980136749,-0.1230818179943344,-0.0487250147730129,,,,0.1128,0.0632,,,,47.38186,25.57707,-0.318,-0.123,2025-03-26 05:36:59.744149446
2025-03-26 06:36:59.767892599+01:00,2025-03-26 05:36:59.767892599,,,,47.3588,,,0.1128,0.0632,,,,47.3588,25.58064,-0.312,-0.111,2025-03-26 05:36:59.767892599
2025-03-26 06:36:59.771265507+01:00,2025-03-26 05:36:59.771265507,-0.3113782777045104,-0.1096201073670515,-0.0455004031062606,,,,0.1128,0.0632,,,,47.35596,25.58115,-0.311,-0.11,2025-03-26 05:36:59.771265507
2025-03-26 06:36:59.791902781+01:00,2025-03-26 05:36:59.791902781,-0.3176653763848991,-0.1154458660418827,-0.0478839931349746,,,,0.1128,0.0632,,,,47.33858,25.58426,-0.318,-0.115,2025-03-26 05:36:59.791902781
2025-03-26 06:36:59.812199116+01:00,2025-03-26 05:36:59.812199116,-0.31804505801738,-0.1160591979097363,-0.0461804921842208,,,,0.1128,0.0632,,,,47.32148,25.58731,-0.318,-0.116,2025-03-26 05:36:59.812199116
2025-03-26 06:36:59.832804918+01:00,2025-03-26 05:36:59.832804918,-0.3195542478030023,-0.1166147132652656,-0.0459355170649906,,,,0.1128,0.0632,,,,47.30412,25.59041,-0.32,-0.117,2025-03-26 05:36:59.832804918
2025-03-26 06:36:59.853088617+01:00,2025-03-26 05:36:59.853088617,-0.3217965748067587,-0.1169192930363766,-0.0474774894091474,,,,0.1128,0.0632,,,,47.28704,25.59347,-0.322,-0.117,2025-03-26 05:36:59.853088617
2025-03-26 06:36:59.878964901+01:00,2025-03-26 05:36:59.878964901,-0.3258425385764287,-0.1169049879199252,-0.0467401798653817,,,,0.1128,0.0632,,,,47.26524,25.59736,-0.326,-0.117,2025-03-26 05:36:59.878964901
2025-03-26 06:36:59.880439043+01:00,2025-03-26 05:36:59.880439043,,,,47.264,,,0.1128,0.0632,,,,47.264,25.59758,-0.326,-0.117,2025-03-26 05:36:59.880439043
2025-03-26 06:36:59.899367571+01:00,2025-03-26 05:36:59.899367571,-0.3338212172771951,-0.1174807688570939,-0.0469493921934833,,,,0.1128,0.0632,,,,47.24763,25.60043,-0.334,-0.117,2025-03-26 05:36:59.899367571
2025-03-26 06:36:59.919642687+01:00,2025-03-26 05:36:59.919642687,-0.3421265294702684,-0.1161956925625434,-0.0459116752042383,,,,0.1128,0.0632,,,,47.23009,25.60348,-0.342,-0.116,2025-03-26 05:36:59.919642687
2025-03-26 06:36:59.946774483+01:00,2025-03-26 05:36:59.946774483,-0.3519022884252415,-0.1159668106993211,-0.0467503126562014,,,,0.1128,0.0632,,,,47.20662,25.60757,-0.352,-0.116,2025-03-26 05:36:59.946774483
2025-03-26 06:36:59.982371092+01:00,2025-03-26 05:36:59.982371092,-0.3674787721012559,-0.1276564750261873,-0.0482350645345526,,,,0.1128,0.0632,,,,47.17583,25.61292,-0.367,-0.128,2025-03-26 05:36:59.982371092
2025-03-26 06:37:00.006795168+01:00,2025-03-26 05:37:00.006795168,,,,47.1547,25.6166,,0.1199,0.0637,,,,47.1547,25.6166,-0.375,-0.112,2025-03-26 05:37:00.006795168
2025-03-26 06:37:00.008337259+01:00,2025-03-26 05:37:00.008337259,,,,47.0331,,,0.1199,0.0637,,,,47.0331,25.61674,-0.375,-0.111,2025-03-26 05:37:00.008337259
2025-03-26 06:37:00.010058403+01:00,2025-03-26 05:37:00.010058403,-0.3759217710401739,-0.1096719634141878,-0.04941166036268,,,,0.1199,0.0637,,,,47.03107,25.61689,-0.376,-0.11,2025-03-26 05:37:00.010058403
2025-03-26 06:37:00.030479431+01:00,2025-03-26 05:37:00.030479431,-0.379964158530731,-0.1171088358293576,-0.0504511654914814,,,,0.1199,0.0637,,,,47.00699,25.61872,-0.38,-0.117,2025-03-26 05:37:00.030479431
2025-03-26 06:37:00.051240683+01:00,2025-03-26 05:37:00.051240683,-0.3808784938905828,-0.1426458528811756,-0.047988301275766,,,,0.1199,0.0637,,,,46.98251,25.62058,-0.381,-0.143,2025-03-26 05:37:00.051240683
2025-03-26 06:37:00.071861267+01:00,2025-03-26 05:37:00.071861267,-0.3802526450458341,-0.1369583769987079,-0.0485026894214975,,,,0.1199,0.0637,,,,46.95819,25.62243,-0.38,-0.137,2025-03-26 05:37:00.071861267
2025-03-26 06:37:00.092264891+01:00,2025-03-26 05:37:00.092264891,-0.375191018008115,-0.1168644567566462,-0.0495892822252848,,,,0.1199,0.0637,,,,46.93413,25.62426,-0.375,-0.117,2025-03-26 05:37:00.092264891
2025-03-26 06:37:00.118348598+01:00,2025-03-26 05:37:00.118348598,-0.3734535424057892,-0.116516961636181,-0.0501364529295507,,,,0.1199,0.0637,,,,46.90338,25.6266,-0.373,-0.117,2025-03-26 05:37:00.118348598
2025-03-26 06:37:00.119855642+01:00,2025-03-26 05:37:00.119855642,,,,46.9016,,,0.1199,0.0637,,,,46.9016,25.62674,-0.374,-0.118,2025-03-26 05:37:00.119855642
2025-03-26 06:37:00.138853788+01:00,2025-03-26 05:37:00.138853788,-0.3759968729015437,-0.1376235649136978,-0.0507038892154561,,,,0.1199,0.0637,,,,46.87813,25.62844,-0.376,-0.138,2025-03-26 05:37:00.138853788
2025-03-26 06:37:00.159127712+01:00,2025-03-26 05:37:00.159127712,-0.3705215895797717,-0.1171749969929453,-0.0515759052724725,,,,0.1199,0.0637,,,,46.85308,25.63026,-0.371,-0.117,2025-03-26 05:37:00.159127712
2025-03-26 06:37:00.179422379+01:00,2025-03-26 05:37:00.179422379,-0.3665012558104105,-0.1169544597809862,-0.0514411987592218,,,,0.1199,0.0637,,,,46.82801,25.63208,-0.367,-0.117,2025-03-26 05:37:00.179422379
2025-03-26 06:37:00.199719429+01:00,2025-03-26 05:37:00.199719429,-0.3603756857366187,-0.1168948551291054,-0.0516229929474583,,,,0.1199,0.0637,,,,46.80294,25.6339,-0.36,-0.117,2025-03-26 05:37:00.199719429
2025-03-26 06:37:00.219852686+01:00,2025-03-26 05:37:00.219852686,-0.3583836982707618,-0.1172077795514797,-0.0519073071369298,,,,0.1199,0.0637,,,,46.77806,25.6357,-0.358,-0.117,2025-03-26 05:37:00.219852686
2025-03-26 06:37:00.231883526+01:00,2025-03-26 05:37:00.231883526,,,,46.7632,,,0.1199,0.0637,,,,46.7632,25.63678,-0.355,-0.115,2025-03-26 05:37:00.231883526
2025-03-26 06:37:00.243472338+01:00,2025-03-26 05:37:00.243472338,-0.3526759568066545,-0.1120239629774049,-0.0522136750475972,,,,0.1199,0.0637,,,,46.7632,25.63782,-0.353,-0.112,2025-03-26 05:37:00.243472338
2025-03-26 06:37:00.265297889+01:00,2025-03-26 05:37:00.265297889,-0.3480053362852736,-0.1162880797729587,-0.0512439073614963,,,,0.1199,0.0637,,,,46.7632,25.63978,-0.348,-0.116,2025-03-26 05:37:00.265297889
2025-03-26 06:37:00.290462971+01:00,2025-03-26 05:37:00.290462971,-0.3445864134533898,-0.1433307103312862,-0.0519865813239313,,,,0.1199,0.0637,,,,46.7632,25.64203,-0.345,-0.143,2025-03-26 05:37:00.290462971
2025-03-26 06:37:00.321935415+01:00,2025-03-26 05:37:00.321935415,-0.3464198525452438,-0.1307094252955228,-0.0510513843359213,,,,0.1199,0.0637,,,,46.7632,25.64485,-0.346,-0.131,2025-03-26 05:37:00.321935415
2025-03-26 06:37:00.323575974+01:00,2025-03-26 05:37:00.323575974,,,,46.7632,25.645,,0.126,0.0643,,,,46.7632,25.645,-0.346,-0.129,2025-03-26 05:37:00.323575974
2025-03-26 06:37:00.343958616+01:00,2025-03-26 05:37:00.343958616,,,,46.6172,,,0.126,0.0643,,,,46.6172,25.64482,-0.347,-0.114,2025-03-26 05:37:00.343958616
2025-03-26 06:37:00.349422693+01:00,2025-03-26 05:37:00.349422693,-0.3465474065002688,-0.1103401315617718,-0.0502497017681243,,,,0.126,0.0643,,,,46.60999,25.64477,-0.347,-0.11,2025-03-26 05:37:00.349422693
2025-03-26 06:37:00.370435953+01:00,2025-03-26 05:37:00.370435953,-0.3430593422722032,-0.1390290426050475,-0.0497257768780919,,,,0.126,0.0643,,,,46.58224,25.64459,-0.343,-0.139,2025-03-26 05:37:00.370435953
2025-03-26 06:37:00.390866756+01:00,2025-03-26 05:37:00.390866756,-0.3385287926827422,-0.1189810179449341,-0.0498020708324993,,,,0.126,0.0643,,,,46.55527,25.64441,-0.339,-0.119,2025-03-26 05:37:00.390866756
2025-03-26 06:37:00.411508322+01:00,2025-03-26 05:37:00.411508322,-0.3348696631037787,-0.136811749555081,-0.049284106407655,,,,0.126,0.0643,,,,46.52802,25.64423,-0.335,-0.137,2025-03-26 05:37:00.411508322
2025-03-26 06:37:00.432241917+01:00,2025-03-26 05:37:00.432241917,-0.3291809951282733,-0.1177120349063915,-0.0502401650238233,,,,0.126,0.0643,,,,46.50064,25.64405,-0.329,-0.118,2025-03-26 05:37:00.432241917
2025-03-26 06:37:00.458138704+01:00,2025-03-26 05:37:00.458138704,-0.3347468775209042,-0.1190680407366801,-0.0494062959440107,,,,0.126,0.0643,,,,46.46645,25.64383,-0.335,-0.119,2025-03-26 05:37:00.458138704
2025-03-26 06:37:00.459695101+01:00,2025-03-26 05:37:00.459695101,,,,46.4644,,,0.126,0.0643,,,,46.4644,25.64381,-0.335,-0.119,2025-03-26 05:37:00.459695101
2025-03-26 06:37:00.478582621+01:00,2025-03-26 05:37:00.478582621,-0.3406024385216759,-0.1200318479575929,-0.0490504561722822,,,,0.126,0.0643,,,,46.44023,25.64365,-0.341,-0.12,2025-03-26 05:37:00.478582621
2025-03-26 06:37:00.498934746+01:00,2025-03-26 05:37:00.498934746,-0.3465015109183205,-0.1202589416812588,-0.0491249619871332,,,,0.126,0.0643,,,,46.41419,25.64347,-0.347,-0.12,2025-03-26 05:37:00.498934746
2025-03-26 06:37:00.519636153+01:00,2025-03-26 05:37:00.519636153,-0.3502643525915566,-0.1362580223391082,-0.0493294059430844,,,,0.126,0.0643,,,,46.38771,25.64329,-0.35,-0.136,2025-03-26 05:37:00.519636153
2025-03-26 06:37:00.540126562+01:00,2025-03-26 05:37:00.540126562,-0.3521883907542694,-0.1202827835420112,-0.0493282138500468,,,,0.126,0.0643,,,,46.36149,25.64311,-0.352,-0.12,2025-03-26 05:37:00.540126562
2025-03-26 06:37:00.560735703+01:00,2025-03-26 05:37:00.560735703,-0.3530574265786917,-0.1169836660604078,-0.0493228494313775,,,,0.126,0.0643,,,,46.33512,25.64293,-0.353,-0.117,2025-03-26 05:37:00.560735703
2025-03-26 06:37:00.583259106+01:00,2025-03-26 05:37:00.583259106,,,,46.3063,,,0.126,0.0643,,,,46.3063,25.64274,-0.354,-0.112,2025-03-26 05:37:00.583259106
2025-03-26 06:37:00.594883919+01:00,2025-03-26 05:37:00.594883919,-0.3550720638122634,-0.1095825564363666,-0.0492101966393228,,,,0.126,0.0643,,,,46.3063,25.64263,-0.355,-0.11,2025-03-26 05:37:00.594883919
2025-03-26 06:37:00.629075766+01:00,2025-03-26 05:37:00.629075766,-0.3603470755037159,-0.1077568659492571,-0.0496429264119775,,,,0.126,0.0643,,,,46.3063,25.64234,-0.36,-0.108,2025-03-26 05:37:00.629075766
2025-03-26 06:37:00.644721270+01:00,2025-03-26 05:37:00.644721270,,,,46.3063,25.6422,,0.1312,0.0651,,,,46.3063,25.6422,-0.362,-0.109,2025-03-26 05:37:00.644721270
2025-03-26 06:37:00.656619549+01:00,2025-03-26 05:37:00.656619549,-0.3632349208873416,-0.1099801194644116,-0.0495821296670591,,,,0.1312,0.0651,,,,46.26848,25.64131,-0.363,-0.11,2025-03-26 05:37:00.656619549
2025-03-26 06:37:00.676852703+01:00,2025-03-26 05:37:00.676852703,-0.3624827101806057,-0.1178145549076265,-0.0499564468808706,,,,0.1312,0.0651,,,,46.20415,25.6398,-0.362,-0.118,2025-03-26 05:37:00.676852703
2025-03-26 06:37:00.695680857+01:00,2025-03-26 05:37:00.695680857,,,,46.1443,,,0.1312,0.0651,,,,46.1443,25.6384,-0.36,-0.114,2025-03-26 05:37:00.695680857
2025-03-26 06:37:00.700651884+01:00,2025-03-26 05:37:00.700651884,-0.3587609957171673,-0.1126301422870328,-0.0493419229199794,,,,0.1312,0.0651,,,,46.13819,25.63803,-0.359,-0.113,2025-03-26 05:37:00.700651884
2025-03-26 06:37:00.720844507+01:00,2025-03-26 05:37:00.720844507,-0.3527945700638973,-0.1180946967714663,-0.0498336612979962,,,,0.1312,0.0651,,,,46.11337,25.63652,-0.353,-0.118,2025-03-26 05:37:00.720844507
2025-03-26 06:37:00.741031170+01:00,2025-03-26 05:37:00.741031170,-0.3493702828133443,-0.1179063460715229,-0.049952274555239,,,,0.1312,0.0651,,,,46.08855,25.63501,-0.349,-0.118,2025-03-26 05:37:00.741031170
2025-03-26 06:37:00.761213303+01:00,2025-03-26 05:37:00.761213303,-0.348709267223986,-0.11795283769999,-0.0489264784963701,,,,0.1312,0.0651,,,,46.06374,25.63351,-0.349,-0.118,2025-03-26 05:37:00.761213303
2025-03-26 06:37:00.781398296+01:00,2025-03-26 05:37:00.781398296,-0.3502679288706695,-0.1179289958392376,-0.0494980871079071,,,,0.1312,0.0651,,,,46.03893,25.632,-0.35,-0.118,2025-03-26 05:37:00.781398296
2025-03-26 06:37:00.805539846+01:00,2025-03-26 05:37:00.805539846,-0.3523779335472504,-0.117986812351562,-0.0496637880401358,,,,0.1312,0.0651,,,,46.00926,25.6302,-0.352,-0.118,2025-03-26 05:37:00.805539846
2025-03-26 06:37:00.825844049+01:00,2025-03-26 05:37:00.825844049,-0.3527331772724601,-0.1191485070167192,-0.0484317598857593,,,,0.1312,0.0651,,,,45.9843,25.62868,-0.353,-0.119,2025-03-26 05:37:00.825844049
2025-03-26 06:37:00.846232176+01:00,2025-03-26 05:37:00.846232176,-0.351328891674148,-0.1198238277225289,-0.0485456047708517,,,,0.1312,0.0651,,,,45.95924,25.62716,-0.351,-0.12,2025-03-26 05:37:00.846232176
2025-03-26 06:37:00.866434097+01:00,2025-03-26 05:37:00.866434097,-0.3486335693160974,-0.1180124423518708,-0.0483870563968487,,,,0.1312,0.0651,,,,45.9344,25.62565,-0.349,-0.118,2025-03-26 05:37:00.866434097
2025-03-26 06:37:00.886631012+01:00,2025-03-26 05:37:00.886631012,-0.3463542874281749,-0.1180660865385635,-0.0491231738475768,,,,0.1312,0.0651,,,,45.90957,25.62415,-0.346,-0.118,2025-03-26 05:37:00.886631012
2025-03-26 06:37:00.913778067+01:00,2025-03-26 05:37:00.913778067,-0.3458846027713541,-0.1096707713211502,-0.0482481775579664,,,,0.1312,0.0651,,,,45.8762,25.62212,-0.346,-0.11,2025-03-26 05:37:00.913778067
2025-03-26 06:37:00.942502737+01:00,2025-03-26 05:37:00.942502737,-0.3479278502378285,-0.1119196548366135,-0.0477349815052725,,,,0.1312,0.0651,,,,45.84089,25.61998,-0.348,-0.112,2025-03-26 05:37:00.942502737
2025-03-26 06:37:00.963649511+01:00,2025-03-26 05:37:00.963649511,,,,45.8149,25.6184,,0.1353,0.0658,,,,45.8149,25.6184,-0.35,-0.111,2025-03-26 05:37:00.963649511
2025-03-26 06:37:00.968782902+01:00,2025-03-26 05:37:00.968782902,-0.3506952942246549,-0.110622061565168,-0.0481438694171749,,,,0.1353,0.0658,,,,45.80435,25.61771,-0.351,-0.111,2025-03-26 05:37:00.968782902
2025-03-26 06:37:00.988982201+01:00,2025-03-26 05:37:00.988982201,-0.350570720502224,-0.1180815837480525,-0.0471985396383452,,,,0.1353,0.0658,,,,45.76286,25.61499,-0.351,-0.118,2025-03-26 05:37:00.988982201
2025-03-26 06:37:01.009210110+01:00,2025-03-26 05:37:01.009210110,-0.3483725009408594,-0.118039860491736,-0.0480705556953615,,,,0.1353,0.0658,,,,45.7213,25.61227,-0.348,-0.118,2025-03-26 05:37:01.009210110
2025-03-26 06:37:01.029397249+01:00,2025-03-26 05:37:01.029397249,-0.3460169250985295,-0.1179176709553803,-0.047360664291461,,,,0.1353,0.0658,,,,45.67983,25.60955,-0.346,-0.118,2025-03-26 05:37:01.029397249
2025-03-26 06:37:01.049664497+01:00,2025-03-26 05:37:01.049664497,-0.3448772841545682,-0.1179903886306749,-0.0474548396414327,,,,0.1353,0.0658,,,,45.63819,25.60682,-0.345,-0.118,2025-03-26 05:37:01.049664497
